order,playlist_id,track_id,danceability,energy,speechiness,acousticness,instrumentalness,liveness,valence,tempo
0,11DoDA2VArA10BwgXTCJbY,31AOj9sFz2gM0O3hMARRBx,0.666,0.855,0.0295,0.179,1.2e-06,0.0987,0.803,125.639
1,11DoDA2VArA10BwgXTCJbY,2OErSh4oVVAUll0vHxdr6p,0.401,0.901,0.041,0.0704,0.0,0.538,0.839,134.799
2,11DoDA2VArA10BwgXTCJbY,34iOH7LY3vme5rQxsVILZ4,0.527,0.923,0.0379,0.000541,0.765,0.127,0.899,146.924
3,11DoDA2VArA10BwgXTCJbY,2EEinN4Zk8MUv4OQuLsTBj,0.372,0.91,0.0392,0.00101,0.0944,0.13,0.756,161.964
4,11DoDA2VArA10BwgXTCJbY,1FvDJ9KGxcqwv1utyPL3JZ,0.611,0.846,0.0436,0.00509,0.0,0.0784,0.751,103.912
5,11DoDA2VArA10BwgXTCJbY,5QLHGv0DfpeXLNFo7SFEy1,0.767,0.787,0.0331,0.0163,0.583,0.0513,0.964,126.879
0,7IB9Tcfk1IQQfsiLHcYq0L,1tJRS17TxD5bwdTk8ehP93,0.789,0.449,0.395,0.0624,0.0,0.131,0.301,91.777
1,7IB9Tcfk1IQQfsiLHcYq0L,6DPrhGVJ1WTZvM9fKptnGe,0.708,0.832,0.318,0.02,2.8e-06,0.189,0.618,92.428
2,7IB9Tcfk1IQQfsiLHcYq0L,6jCGzZn0gFeRlbqdaJhw6T,0.433,0.862,0.412,0.193,0.0,0.604,0.722,200.817
3,7IB9Tcfk1IQQfsiLHcYq0L,7G3lxTsMfSx4yarMkfgnTC,0.678,0.794,0.14,0.274,1.68e-06,0.124,0.54,87.374
4,7IB9Tcfk1IQQfsiLHcYq0L,3nDYsXggRQxf7PCNUjR4rz,0.758,0.912,0.349,0.172,1.09e-06,0.149,0.573,87.335
5,7IB9Tcfk1IQQfsiLHcYq0L,3u264XNfOLRYzObcd7MeLL,0.621,0.672,0.308,0.0345,0.0,0.0899,0.514,84.995
6,7IB9Tcfk1IQQfsiLHcYq0L,5ljCWsDlSyJ41kwqym2ORw,0.759,0.678,0.314,0.23,0.0,0.15,0.327,89.64
7,7IB9Tcfk1IQQfsiLHcYq0L,206QiQ5OnKTZE3cnuMYu3H,0.806,0.686,0.154,0.248,0.0,0.0613,0.632,84.011
8,7IB9Tcfk1IQQfsiLHcYq0L,6l3b8BOBDRDM1ne9fpOygz,0.877,0.781,0.0631,0.0437,0.0,0.0875,0.873,89.683
9,7IB9Tcfk1IQQfsiLHcYq0L,0PV1TFUMTBrDETzW6KQulB,0.59,0.672,0.412,0.125,1.04e-06,0.147,0.688,206.247
0,2KB1C76sp6J477HzgEM3zq,2WOjLF83vqjit2Zh4B69V3,0.6,0.243,0.0366,0.89,0.0022,0.249,0.468,110.535
1,2KB1C76sp6J477HzgEM3zq,0dfdXhBg11XA16XgAEtFcN,0.53,0.257,0.0332,0.913,0.0299,0.11,0.499,95.538
2,2KB1C76sp6J477HzgEM3zq,16XeptMdlJTWWeIrwEAOvv,0.702,0.244,0.0355,0.431,0.00867,0.0963,0.444,141.317
3,2KB1C76sp6J477HzgEM3zq,6VltRkmJbCTqgKrTHk4Ulw,0.502,0.4,0.0294,0.856,0.000375,0.333,0.435,127.182
4,2KB1C76sp6J477HzgEM3zq,47KDDZgFiX1w6RFOuLXsSn,0.564,0.354,0.0334,0.73,3.43e-06,0.208,0.423,98.075
5,2KB1C76sp6J477HzgEM3zq,2U2zfWWmmrdm3rld8CVwIZ,0.584,0.275,0.0292,0.795,5.01e-05,0.0924,0.266,103.088
6,2KB1C76sp6J477HzgEM3zq,1rk9eGO7AkPX1oafUuOnGs,0.524,0.446,0.0275,0.688,0.000745,0.101,0.272,97.856
7,2KB1C76sp6J477HzgEM3zq,70gbuMqwNBE2Y5rkQJE9By,0.503,0.265,0.0333,0.943,0.045,0.0867,0.522,78.044
8,2KB1C76sp6J477HzgEM3zq,2mEVBiiVvOAYjvzM3OED0T,0.538,0.168,0.0561,0.707,0.0,0.0782,0.225,140.28
9,2KB1C76sp6J477HzgEM3zq,5eVjE8FDSDXQLSbTZSA5Qv,0.514,0.234,0.0328,0.539,0.00254,0.109,0.454,173.644
10,2KB1C76sp6J477HzgEM3zq,5IFFNFylEfKq5FvOuZUTBa,0.656,0.249,0.0286,0.372,0.00224,0.115,0.2,109.081
11,2KB1C76sp6J477HzgEM3zq,19Shlms2uTnOjIUg50TXzd,0.654,0.336,0.0379,0.858,0.385,0.0786,0.947,176.083
12,2KB1C76sp6J477HzgEM3zq,1OE5l6sedVcIFELMuxQOPI,0.604,0.411,0.034,0.427,5.74e-05,0.602,0.675,126.637
13,2KB1C76sp6J477HzgEM3zq,6QHYEZlm9wyfXfEM1vSu1P,0.615,0.114,0.0357,0.926,4e-06,0.166,0.401,101.189
14,2KB1C76sp6J477HzgEM3zq,4JwjzS9WFkWlpzGCwh82fn,0.648,0.525,0.0241,0.466,1.5e-06,0.165,0.724,98.131
0,47JFKDfrdsdmQ5yQP84jN8,7fJvlmnfsJZTdcHhqT5UH2,0.891,0.686,0.0554,0.174,0.0471,0.0553,0.915,115.619
1,47JFKDfrdsdmQ5yQP84jN8,1lfVeoMZZimh0jf8rYUeJU,0.75,0.711,0.0641,0.526,0.000653,0.0282,0.961,105.636
2,47JFKDfrdsdmQ5yQP84jN8,7d3cKDG22Ig9kZOS1qsq3S,0.823,0.8,0.0418,0.614,0.0,0.0935,0.97,126.315
3,47JFKDfrdsdmQ5yQP84jN8,6Z5wWOqBfk4G3bP1KF2Vbj,0.784,0.626,0.0572,0.0425,0.703,0.0645,0.952,136.886
4,47JFKDfrdsdmQ5yQP84jN8,3qI94hINNNeb4S7xQi18lS,0.774,0.641,0.0799,0.0765,0.0,0.0867,0.875,113.256
5,47JFKDfrdsdmQ5yQP84jN8,7qK3JFriCqLorQivsJYG2X,0.703,0.831,0.0349,0.0328,0.00839,0.218,0.949,103.573
6,47JFKDfrdsdmQ5yQP84jN8,6ztstiyZL6FXzh4aG46ZPD,0.802,0.756,0.0349,0.0843,0.00765,0.0521,0.963,131.715
7,47JFKDfrdsdmQ5yQP84jN8,0zvNHIL7ci0ZzIoWU6RO2u,0.685,0.718,0.0521,0.122,0.0,0.0556,0.958,131.463
8,47JFKDfrdsdmQ5yQP84jN8,6nWcEzyxDozQcmxMoNJtYx,0.41,0.874,0.0907,0.197,0.0,0.0843,0.824,107.08
9,47JFKDfrdsdmQ5yQP84jN8,3WMbD1OyfKuwWDWMNbPQ4g,0.763,0.777,0.0364,0.281,0.79,0.134,0.929,124.431
10,47JFKDfrdsdmQ5yQP84jN8,2STTok5Ot9z3y8QYjETbJB,0.819,0.422,0.105,0.785,4.43e-05,0.0468,0.89,97.737
11,47JFKDfrdsdmQ5yQP84jN8,1A0I5aiVZRwecRlbQcweBh,0.681,0.719,0.0248,0.131,1.65e-06,0.113,0.637,125.729
12,47JFKDfrdsdmQ5yQP84jN8,72kmChwnjHu0Gi92YyVAZN,0.604,0.739,0.0384,0.239,2.21e-05,0.117,0.818,151.897
13,47JFKDfrdsdmQ5yQP84jN8,7Jt2a7x7c1Mgm8Y5NQPCqp,0.864,0.918,0.0686,0.18,0.0,0.972,0.77,119.988
14,47JFKDfrdsdmQ5yQP84jN8,7czDlyNEoVpFzh8A4bNSdS,0.713,0.548,0.0455,0.261,0.0,0.197,0.901,144.623
15,47JFKDfrdsdmQ5yQP84jN8,2RIX0zyS3tHqIYsUSpS6jP,0.843,0.419,0.0854,0.793,0.0,0.0612,0.818,122.489
16,47JFKDfrdsdmQ5yQP84jN8,5Su5ILFp6U83cnIXwfmlC5,0.668,0.897,0.0418,0.626,0.229,0.0932,0.955,121.855
17,47JFKDfrdsdmQ5yQP84jN8,0Z8yLnJiAd1p4wdDpPZgEH,0.465,0.203,0.0311,0.883,0.000132,0.133,0.462,135.151
18,47JFKDfrdsdmQ5yQP84jN8,62FgmkaAc47fWDWW24NGWK,0.628,0.783,0.0385,0.471,0.0,0.0922,0.897,140.475
19,47JFKDfrdsdmQ5yQP84jN8,39q7xibBdRboeMKUbZEB6g,0.255,0.43,0.0322,0.546,1.87e-05,0.188,0.546,164.267
20,47JFKDfrdsdmQ5yQP84jN8,3xdjjKMcMOFgo1eQrfbogM,0.537,0.66,0.0296,0.455,0.0,0.135,0.574,148.096
21,47JFKDfrdsdmQ5yQP84jN8,0GMp0078d3th6WGvk8Wbgk,0.463,0.321,0.0319,0.856,0.0,0.274,0.559,118.433
22,47JFKDfrdsdmQ5yQP84jN8,6MYDgkfu34kRRIdMfleVCV,0.599,0.198,0.0314,0.95,0.0,0.185,0.329,117.749
23,47JFKDfrdsdmQ5yQP84jN8,3zBhihYUHBmGd2bcQIobrF,0.769,0.367,0.0312,0.684,1.62e-05,0.081,0.535,103.621
24,47JFKDfrdsdmQ5yQP84jN8,0P6TTXbSLGrSoTNMz5kvB7,0.616,0.577,0.0407,0.535,0.0,0.0808,0.592,145.863
25,47JFKDfrdsdmQ5yQP84jN8,6m6YULH2DyGsHYSMNC8jBZ,0.711,0.563,0.0368,0.551,1.37e-06,0.203,0.735,107.303
26,47JFKDfrdsdmQ5yQP84jN8,3D8dwH690MXQRhtIZTSS9c,0.406,0.188,0.0324,0.852,0.0,0.105,0.629,120.757
27,47JFKDfrdsdmQ5yQP84jN8,1NmT81xi5gL7xAAtde3EYi,0.767,0.306,0.0544,0.495,0.0,0.158,0.533,132.91
28,47JFKDfrdsdmQ5yQP84jN8,2KzXbPjynnM6bQp7pED31I,0.521,0.391,0.403,0.676,0.0,0.73,0.605,120.873
29,47JFKDfrdsdmQ5yQP84jN8,1fDsrQ23eTAVFElUMaf38X,0.531,0.481,0.06,0.699,0.0,0.0842,0.491,138.45
30,47JFKDfrdsdmQ5yQP84jN8,3yrSvpt2l1xhsV9Em88Pul,0.491,0.583,0.0376,0.185,0.0,0.406,0.908,150.566
31,47JFKDfrdsdmQ5yQP84jN8,2ULL3VZf4WwBKO4vjwT7Bg,0.567,0.745,0.0264,0.402,0.0,0.0873,0.903,125.575
32,47JFKDfrdsdmQ5yQP84jN8,0FOFxgnf3h54XDTI7IdkHD,0.359,0.0627,0.0385,0.955,0.00161,0.156,0.242,181.496
33,47JFKDfrdsdmQ5yQP84jN8,24dYJMPdnXXoHEu50MwRVN,0.596,0.142,0.0867,0.962,1.71e-05,0.093,0.695,144.424
34,47JFKDfrdsdmQ5yQP84jN8,1qRA5BS78u3gME0loMl9AA,0.653,0.519,0.0497,0.406,0.0209,0.101,0.822,98.883
35,47JFKDfrdsdmQ5yQP84jN8,34W4NjAmgEmHPzXjzMISND,0.676,0.166,0.0296,0.919,0.000107,0.134,0.339,109.35
36,47JFKDfrdsdmQ5yQP84jN8,18GiV1BaXzPVYpp9rmOg0E,0.38,0.0993,0.0509,0.914,2.32e-05,0.0605,0.44,174.874
37,47JFKDfrdsdmQ5yQP84jN8,6jog1hKaZZEuiOV2bhiRXX,0.613,0.247,0.0312,0.862,1.45e-05,0.247,0.635,83.804
38,47JFKDfrdsdmQ5yQP84jN8,6kPxXhjSvy8RsmZBAJUiFs,0.512,0.426,0.0449,0.109,0.00225,0.764,0.7,132.495
39,47JFKDfrdsdmQ5yQP84jN8,7raciFPVU5VuHmqVbw2c1h,0.581,0.143,0.0401,0.65,0.0,0.104,0.469,144.605
40,47JFKDfrdsdmQ5yQP84jN8,6f4TUUHjfRjYkyrM5KSoJ4,0.471,0.387,0.0316,0.269,0.0,0.337,0.512,89.692
41,47JFKDfrdsdmQ5yQP84jN8,1NpcXmiVJpDsdaOEejWgTC,0.63,0.937,0.0372,0.39,2.16e-06,0.103,0.834,148.826
42,47JFKDfrdsdmQ5yQP84jN8,7wliemSUQ2bYbNwMC2UmxZ,0.611,0.269,0.0321,0.771,0.0,0.15,0.563,120.242
43,47JFKDfrdsdmQ5yQP84jN8,3cfOd4CMv2snFaKAnMdnvK,0.731,0.867,0.032,0.0395,0.0,0.0861,0.776,104.019
44,47JFKDfrdsdmQ5yQP84jN8,33yAEqzKXexYM3WlOYtTfQ,0.613,0.962,0.278,0.034,0.0,0.824,0.496,113.015
45,47JFKDfrdsdmQ5yQP84jN8,5YScXJKtefsgdskIy60N7A,0.263,0.871,0.131,0.106,0.0,0.363,0.622,206.68
46,47JFKDfrdsdmQ5yQP84jN8,6oMZhY0f1ReI6AJDDYfuSb,0.436,0.0695,0.0298,0.858,0.0,0.107,0.255,97.128
47,47JFKDfrdsdmQ5yQP84jN8,646dt0N2rvTEoyuI3tLBFN,0.418,0.117,0.0373,0.971,0.000569,0.101,0.168,99.395
48,47JFKDfrdsdmQ5yQP84jN8,2WOjLF83vqjit2Zh4B69V3,0.6,0.243,0.0366,0.89,0.0022,0.249,0.468,110.535
0,1BCrhGFWovLbzkCOQcHeh0,4nlvKIIetOWGIMyhjQXgOZ,0.56,0.865,0.0909,0.255,0.000153,0.083,0.424,159.96
1,1BCrhGFWovLbzkCOQcHeh0,5tkR9JkBj3Ueeo8W4k8IZD,0.818,0.461,0.292,0.598,0.000135,0.108,0.532,88.006
2,1BCrhGFWovLbzkCOQcHeh0,3k5oLgungD1dSOGLqQdIQw,0.632,0.636,0.035,0.0352,0.158,0.0997,0.616,111.551
3,1BCrhGFWovLbzkCOQcHeh0,4ZFHITy0bAeZ3oFfvR0HaI,0.688,0.771,0.0291,0.056,0.000106,0.0561,0.481,100.01
4,1BCrhGFWovLbzkCOQcHeh0,3sLMVqNdjZmkwdxApcHvv3,0.681,0.826,0.0495,0.145,0.003,0.656,0.742,96.921
5,1BCrhGFWovLbzkCOQcHeh0,0Epl79nHvdyTdZRAiWpJah,0.608,0.544,0.0474,0.15,0.00062,0.146,0.381,68.861
6,1BCrhGFWovLbzkCOQcHeh0,6zWU7YALeEDMcPGhKKZJhV,0.567,0.593,0.288,0.117,1.32e-06,0.248,0.358,88.545
7,1BCrhGFWovLbzkCOQcHeh0,2jAn0rAOyLW6hIEuIDNcoT,0.874,0.45,0.0685,0.0798,9.11e-05,0.0722,0.619,94.861
8,1BCrhGFWovLbzkCOQcHeh0,7e0j6jReCfN5KJkDNLHyHQ,0.775,0.571,0.0342,0.0291,0.0882,0.0941,0.379,97.491
9,1BCrhGFWovLbzkCOQcHeh0,4yMT3mbUsiukLDRqPfQ9rN,0.838,0.432,0.228,0.562,0.363,0.0987,0.127,99.978
10,1BCrhGFWovLbzkCOQcHeh0,3NRql0A1Ef4RCvT473iqgD,0.584,0.684,0.567,0.312,9.05e-05,0.112,0.72,210.164
11,1BCrhGFWovLbzkCOQcHeh0,18NiQTTgXClfhnYMPKUJZT,0.622,0.576,0.0275,0.373,0.0248,0.0797,0.732,133.025
12,1BCrhGFWovLbzkCOQcHeh0,3kBofOTKMUZ62a311eUwvx,0.662,0.297,0.0301,0.888,0.108,0.119,0.434,94.023
13,1BCrhGFWovLbzkCOQcHeh0,4HfLQJtVT1KiX1eVedDyTm,0.847,0.386,0.0507,0.411,0.00176,0.108,0.178,104.001
14,1BCrhGFWovLbzkCOQcHeh0,02CygBCQOIyEuhNZqHHcNx,0.802,0.607,0.289,0.205,0.000748,0.246,0.274,96.916
15,1BCrhGFWovLbzkCOQcHeh0,5MChi9fdCbTIWDJPPUuuW6,0.944,0.514,0.195,0.0684,0.00209,0.103,0.331,120.004
16,1BCrhGFWovLbzkCOQcHeh0,7BY005dacJkbO6EPiOh2wb,0.295,0.584,0.0345,0.000385,0.218,0.0996,0.228,117.2
17,1BCrhGFWovLbzkCOQcHeh0,2Xb6wJYGi0QXwURw5WWvI5,0.783,0.322,0.0343,0.213,0.00243,0.114,0.77,128.226
18,1BCrhGFWovLbzkCOQcHeh0,6DjKJgwe9c90Bd2iya0fre,0.737,0.789,0.3,0.0701,0.000933,0.0518,0.891,141.969
19,1BCrhGFWovLbzkCOQcHeh0,5p3JunprHCxClJjOmcLV8G,0.575,0.318,0.109,0.683,0.000202,0.0934,0.385,104.522
20,1BCrhGFWovLbzkCOQcHeh0,2wvMC5EyaaYQwBfiwwY2xE,0.505,0.476,0.0711,0.25,0.00915,0.113,0.542,99.31
21,1BCrhGFWovLbzkCOQcHeh0,4PFiLGx8jAzcAJxwPLUeZ9,0.483,0.275,0.0418,0.232,0.0,0.125,0.31,138.063
22,1BCrhGFWovLbzkCOQcHeh0,3EYOJ48Et32uATr9ZmLnAo,0.618,0.748,0.358,0.0384,4.1e-06,0.0473,0.663,134.114
23,1BCrhGFWovLbzkCOQcHeh0,6A6qBFJHid4WutQu6HHEZt,0.87,0.699,0.0459,0.245,6.76e-06,0.0588,0.726,126.967
24,1BCrhGFWovLbzkCOQcHeh0,2x5Frs6ts14U4MSLrQQlXg,0.706,0.483,0.0393,0.547,1.94e-06,0.136,0.663,92.002
25,1BCrhGFWovLbzkCOQcHeh0,6obKvh06VvBZP98oqU6YR7,0.771,0.488,0.047,0.21,0.0431,0.0727,0.568,91.031
26,1BCrhGFWovLbzkCOQcHeh0,05cQimvCSptqONnyYcJEgA,0.665,0.57,0.536,0.196,0.0,0.606,0.742,63.422
27,1BCrhGFWovLbzkCOQcHeh0,7dltD9eEX7X1zk8JJ9BS0e,0.572,0.822,0.361,0.207,0.0,0.359,0.472,94.812
28,1BCrhGFWovLbzkCOQcHeh0,4BcS4LomxUnQpzx4hCaJTs,0.62,0.934,0.0411,0.0201,0.0,0.19,0.887,91.234
29,1BCrhGFWovLbzkCOQcHeh0,10Nmj3JCNoMeBQ87uw5j8k,0.556,0.913,0.0437,0.0193,8.59e-06,0.346,0.73,96.184
30,1BCrhGFWovLbzkCOQcHeh0,51rPRW8NjxZoWPPjnRGzHw,0.704,0.487,0.0604,0.669,8.64e-05,0.111,0.313,121.726
31,1BCrhGFWovLbzkCOQcHeh0,6M6UoxIPn4NOWW0x7JPRfv,0.701,0.815,0.0381,0.0174,0.000627,0.0969,0.671,138.142
32,1BCrhGFWovLbzkCOQcHeh0,3VeuvRWfJLSOzeVPrgi5MR,0.816,0.433,0.177,0.0717,1.42e-05,0.12,0.713,129.852
33,1BCrhGFWovLbzkCOQcHeh0,4NFD9ea0uH0MtoC30yNYE1,0.696,0.65,0.0326,0.00666,0.153,0.14,0.587,91.997
34,1BCrhGFWovLbzkCOQcHeh0,6zfczP87XO2SxWlQtnjFNa,0.638,0.535,0.0415,0.623,0.0391,0.0837,0.504,84.947
35,1BCrhGFWovLbzkCOQcHeh0,44ZKnfWEkp7wPs035j4Tua,0.816,0.492,0.0752,0.431,0.0896,0.0995,0.765,115.989
36,1BCrhGFWovLbzkCOQcHeh0,0AU0VWpaoihPEvxly76JVf,0.832,0.791,0.288,0.144,0.0,0.0702,0.602,95.007
37,1BCrhGFWovLbzkCOQcHeh0,2aibwv5hGXSgw7Yru8IYTO,0.427,0.9,0.0499,0.116,1.75e-05,0.119,0.599,104.655
38,1BCrhGFWovLbzkCOQcHeh0,2hnMS47jN0etwvFPzYk11f,0.682,0.765,0.0395,0.0268,3.42e-05,0.188,0.567,90.807
39,1BCrhGFWovLbzkCOQcHeh0,4KFM3A5QF2IMcc6nHsu3Wp,0.674,0.347,0.0364,0.396,1.05e-05,0.0916,0.647,102.013
40,1BCrhGFWovLbzkCOQcHeh0,0d28khcov6AiegSCpG5TuT,0.818,0.705,0.177,0.00836,0.00233,0.613,0.772,138.559
41,1BCrhGFWovLbzkCOQcHeh0,0dHaY2r27r2hL5Zk4cRg92,0.833,0.664,0.224,0.00904,0.000358,0.0854,0.554,107.034
42,1BCrhGFWovLbzkCOQcHeh0,1gSP2PYlWu3429ySMUjc8s,0.703,0.394,0.0459,0.136,0.0023,0.05,0.825,86.866
43,1BCrhGFWovLbzkCOQcHeh0,2UFtUjo3UebrpxbAFvSdRz,0.709,0.644,0.0356,0.158,0.000299,0.143,0.912,127.286
44,1BCrhGFWovLbzkCOQcHeh0,20OFwXhEXf12DzwXmaV7fj,0.508,0.774,0.0321,0.0586,4.87e-06,0.063,0.942,178.946
45,1BCrhGFWovLbzkCOQcHeh0,2fRXHXLFvYnaYbQwkyadeC,0.755,0.807,0.0784,0.716,1.25e-06,0.245,0.904,114.053
46,1BCrhGFWovLbzkCOQcHeh0,2Jwxs674t5Z2aD4LEvDZsL,0.435,0.885,0.154,0.0592,3.09e-06,0.0629,0.887,95.106
47,1BCrhGFWovLbzkCOQcHeh0,0Psz3az3RIYfJpnsajBT8N,0.685,0.735,0.0334,0.191,0.038,0.188,0.385,94.035
48,1BCrhGFWovLbzkCOQcHeh0,0vFOzaXqZHahrZp6enQwQb,0.468,0.536,0.144,0.024,0.00199,0.269,0.785,126.256
49,1BCrhGFWovLbzkCOQcHeh0,12v5GBM74fB8WsHJPQRTIe,0.552,0.531,0.125,0.656,5.21e-05,0.11,0.324,91.573
50,1BCrhGFWovLbzkCOQcHeh0,0832Tptls5YicHPGgw7ssP,0.786,0.87,0.0316,0.413,0.000494,0.0389,0.864,100.66
51,1BCrhGFWovLbzkCOQcHeh0,5eYwDBLucWfWI5KsV7oYX2,0.402,0.814,0.14,0.0383,1.19e-06,0.266,0.516,170.02
52,1BCrhGFWovLbzkCOQcHeh0,5X76oXHcR5uCXali0gOyX5,0.55,0.576,0.0306,0.178,0.00935,0.0555,0.486,109.837
53,1BCrhGFWovLbzkCOQcHeh0,2aoo2jlRnM3A0NyLQqMN2f,0.438,0.805,0.0624,0.00255,5.69e-05,0.0842,0.564,113.253
54,1BCrhGFWovLbzkCOQcHeh0,3x1v32I3SZNvC7q7bDhcGm,0.543,0.307,0.0414,0.334,0.0,0.044,0.649,168.169
55,1BCrhGFWovLbzkCOQcHeh0,0N0q5D8KmH13mmODXJsJqS,0.407,0.706,0.0348,0.254,0.00693,0.125,0.54,164.022
56,1BCrhGFWovLbzkCOQcHeh0,2obblQ6tcePeOEVJV6nEGD,0.489,0.578,0.0418,0.234,0.0,0.123,0.511,78.111
57,1BCrhGFWovLbzkCOQcHeh0,0ofHAoxe9vBkTCp2UQIavz,0.828,0.492,0.0276,0.0644,0.00428,0.128,0.789,120.151
58,1BCrhGFWovLbzkCOQcHeh0,5e9TFTbltYBg2xThimr0rU,0.545,0.67,0.0496,0.009,0.000822,0.0451,0.481,151.553
59,1BCrhGFWovLbzkCOQcHeh0,2N4idqj9TT3HnH2OFT9j0v,0.709,0.496,0.0417,0.581,0.195,0.151,0.469,78.477
60,1BCrhGFWovLbzkCOQcHeh0,5QncRWdYkoEAOAm1ixXEEX,0.705,0.473,0.028,0.277,0.0037,0.107,0.425,100.005
61,1BCrhGFWovLbzkCOQcHeh0,5apLXOPbHUBjGL4PFZyHk8,0.701,0.249,0.0994,0.701,0.321,0.0968,0.0719,141.635
62,1BCrhGFWovLbzkCOQcHeh0,7uAL8lsESR9Nl03BzHlKhF,0.674,0.598,0.124,0.085,3.37e-05,0.0652,0.736,168.856
63,1BCrhGFWovLbzkCOQcHeh0,61au8r2wPFZVPhEG11bQTx,0.91,0.37,0.0413,0.302,0.00143,0.067,0.962,112.033
64,1BCrhGFWovLbzkCOQcHeh0,2cKH6blsLnE8oEEmAu34YB,0.721,0.698,0.0677,0.0395,0.0025,0.502,0.795,90.354
65,1BCrhGFWovLbzkCOQcHeh0,3SkKLZFgKIY0DKX5Vro5jV,0.59,0.697,0.0291,0.269,9.86e-05,0.0881,0.497,146.059
66,1BCrhGFWovLbzkCOQcHeh0,6mxTH1ebYmEQyWAbSY1LeG,0.697,0.736,0.0384,0.167,0.00878,0.124,0.42,120.0
67,1BCrhGFWovLbzkCOQcHeh0,0uEp9E98JB5awlA084uaIg,0.535,0.505,0.245,0.0393,0.0,0.0923,0.495,99.935
68,1BCrhGFWovLbzkCOQcHeh0,0LiLU0WMDjpqSnixcH4uDm,0.529,0.623,0.0484,0.161,0.524,0.117,0.242,118.012
69,1BCrhGFWovLbzkCOQcHeh0,1w29UTa5uUvIri2tWtZ12Y,0.862,0.642,0.101,0.102,0.0,0.272,0.765,99.201
70,1BCrhGFWovLbzkCOQcHeh0,4fCevXfseuEJRmPwmNnUZr,0.905,0.56,0.0505,0.343,0.125,0.0991,0.841,114.996
71,1BCrhGFWovLbzkCOQcHeh0,7qCZgvV98j6RjUULW1s1it,0.621,0.62,0.0293,0.459,0.162,0.0771,0.515,176.016
72,1BCrhGFWovLbzkCOQcHeh0,4Ri84aoor16uSkNtpAvPgQ,0.919,0.44,0.0689,0.173,0.00392,0.0681,0.369,114.972
73,1BCrhGFWovLbzkCOQcHeh0,7CFbh9XfJ40XaYWgCbYX3H,0.646,0.695,0.0545,0.513,0.00723,0.154,0.514,105.978
74,1BCrhGFWovLbzkCOQcHeh0,2NQ9wctQL5wPBE3KX32Y84,0.681,0.791,0.0258,0.00846,0.225,0.188,0.965,99.988
75,1BCrhGFWovLbzkCOQcHeh0,7iaTCBWqabZxPhb1HgndsN,0.684,0.805,0.0656,0.224,0.396,0.0794,0.691,90.04
76,1BCrhGFWovLbzkCOQcHeh0,2elnaPXB82wgWJFZop0TJq,0.773,0.693,0.046,0.456,0.215,0.102,0.838,109.975
77,1BCrhGFWovLbzkCOQcHeh0,3GdogCZTpPHBODiiEJbqQm,0.87,0.72,0.0413,0.17,0.0908,0.0686,0.832,92.006
0,1075UxtFqEwekT97NzkmUG,3weNRklVDqb4Rr5MhKBR3D,0.191,0.0582,0.0578,0.961,0.89,0.0941,0.0454,132.614
1,1075UxtFqEwekT97NzkmUG,0Dkibk70FDp6t7eOZNemNQ,0.231,0.0297,0.0579,0.991,0.878,0.0742,0.07,131.413
2,1075UxtFqEwekT97NzkmUG,1Bdgn4nmMlADRQ6DPJh7UM,0.23,0.0592,0.0445,0.989,0.941,0.0906,0.103,89.965
3,1075UxtFqEwekT97NzkmUG,0F3mlEgCIICCK4YimfuJgf,0.372,0.0714,0.0341,0.935,0.964,0.111,0.0666,101.06
4,1075UxtFqEwekT97NzkmUG,5NGtFXVpXSvwunEIGeviY3,0.468,0.0127,0.123,0.994,0.937,0.094,0.356,72.776
5,1075UxtFqEwekT97NzkmUG,7xEX406hnVXC7mDfkts2jc,0.578,0.194,0.0381,0.991,0.919,0.0545,0.0596,100.02
6,1075UxtFqEwekT97NzkmUG,6GFbXeuS5RwF0pgorEUkVu,0.459,0.0574,0.0505,0.992,0.861,0.09,0.114,132.045
7,1075UxtFqEwekT97NzkmUG,79YeTBqkUK0S6iDdulWCZb,0.601,0.0529,0.0386,0.992,0.92,0.0926,0.0392,114.935
8,1075UxtFqEwekT97NzkmUG,5LPxdWyFNb8TstBplZ3z5y,0.396,0.0575,0.0555,0.994,0.95,0.129,0.106,146.972
9,1075UxtFqEwekT97NzkmUG,6GG3mGhReBxKOWD3GIpOy8,0.523,0.136,0.047,0.982,0.939,0.0737,0.0384,139.977
10,1075UxtFqEwekT97NzkmUG,6KeXJbrg02axATKVgdW8am,0.225,0.124,0.0544,0.965,0.905,0.0937,0.0479,132.853
11,1075UxtFqEwekT97NzkmUG,25RzM7As1Id3Bc2SuzFjzD,0.23,0.0659,0.0399,0.888,0.923,0.094,0.127,155.964
12,1075UxtFqEwekT97NzkmUG,4XmCzeLAaBZvAKhX9tgTVo,0.401,0.0949,0.0583,0.985,0.883,0.0995,0.0293,103.858
13,1075UxtFqEwekT97NzkmUG,5u5aVJKjSMJr4zesMPz7bL,0.335,0.00532,0.0376,0.994,0.912,0.0621,0.0397,65.832
14,1075UxtFqEwekT97NzkmUG,4820SC1xnUaabzzYQTDkP2,0.424,0.00798,0.0496,0.996,0.925,0.0983,0.0794,124.166
15,1075UxtFqEwekT97NzkmUG,5ejWMiCeip2qBG7YgxulRt,0.303,0.0236,0.0387,0.993,0.893,0.059,0.0817,72.041
16,1075UxtFqEwekT97NzkmUG,46xC5pDq9vxl4JcHkb1QkX,0.393,0.0984,0.0445,0.984,0.921,0.122,0.139,96.939
17,1075UxtFqEwekT97NzkmUG,1p1i8i9oSThlvd3vpSPgIr,0.307,0.14,0.0319,0.982,0.92,0.0879,0.248,146.464
0,5OTubTZNJnnNg30CHzXj7l,3TvNcBtucVO8flCgst1ESc,0.797,0.781,0.116,0.0527,0.135,0.0889,0.814,129.985
1,5OTubTZNJnnNg30CHzXj7l,15ifyO8wYntwyXAptfxhKr,0.722,0.66,0.0538,0.05,0.000901,0.0907,0.906,129.727
2,5OTubTZNJnnNg30CHzXj7l,7v9Q0dAb9t7h8gJOkcJHay,0.874,0.437,0.0708,0.00134,0.0296,0.0293,0.962,117.791
3,5OTubTZNJnnNg30CHzXj7l,0uqvSVhGgQTIdj9G51vhvv,0.791,0.658,0.0445,0.00653,0.0,0.0472,0.842,120.066
4,5OTubTZNJnnNg30CHzXj7l,2PzCOP5Aj9SABiBgNEZ52G,0.747,0.492,0.04,0.0163,0.00897,0.224,0.533,119.531
5,5OTubTZNJnnNg30CHzXj7l,2goLsvvODILDzeeiT4dAoR,0.652,0.917,0.0548,0.0082,0.0,0.0509,0.459,132.975
6,5OTubTZNJnnNg30CHzXj7l,38spM0LahLUfQhOMAqA7AI,0.864,0.682,0.386,0.208,5.27e-06,0.1,0.268,115.012
7,5OTubTZNJnnNg30CHzXj7l,3FM33HqRlV7J1QJoPOnd2u,0.591,0.831,0.0415,0.0605,4.67e-05,0.19,0.705,144.084
8,5OTubTZNJnnNg30CHzXj7l,35kyKr5ArvTnFlldwR7JAD,0.747,0.904,0.0803,0.046,0.106,0.203,0.846,118.877
9,5OTubTZNJnnNg30CHzXj7l,40QPoAAKKMwPms6I6FHJqy,0.84,0.654,0.0621,0.08,0.000259,0.063,0.841,125.68
10,5OTubTZNJnnNg30CHzXj7l,3zl2GidKTBuQXKjtqX7dwP,0.734,0.908,0.0654,0.00499,0.000428,0.0372,0.839,126.028
11,5OTubTZNJnnNg30CHzXj7l,60xaS8mYBKUW4VQQ666N0T,0.704,0.777,0.195,0.0358,0.0,0.151,0.392,111.921
12,5OTubTZNJnnNg30CHzXj7l,46eu3SBuFCXWsPT39Yg3tJ,0.878,0.821,0.089,0.126,0.0461,0.183,0.947,118.881
13,5OTubTZNJnnNg30CHzXj7l,5YnKmPZytgkywuHktntXDV,0.64,0.989,0.0708,0.00328,2.07e-06,0.364,0.49,142.024
14,5OTubTZNJnnNg30CHzXj7l,4DEakFTIhXT6JFyCsQUffd,0.688,0.925,0.0366,0.1,0.0,0.0401,0.623,123.984
15,5OTubTZNJnnNg30CHzXj7l,22UDw8rSfLbUsaAGTXQ4Z8,0.727,0.729,0.326,0.171,0.0,0.07,0.512,117.932
16,5OTubTZNJnnNg30CHzXj7l,1i2ZI3tXuJUEjCY6zF3G9w,0.684,0.659,0.18,0.216,3.16e-05,0.0674,0.921,111.393
17,5OTubTZNJnnNg30CHzXj7l,6e8Ou0wiqAzIpWb2eSxll8,0.877,0.534,0.15,0.0339,1.67e-05,0.0441,0.89,108.17
18,5OTubTZNJnnNg30CHzXj7l,1AWQoqb9bSvzTjaLralEkT,0.892,0.714,0.141,0.201,0.000234,0.0521,0.817,100.972
19,5OTubTZNJnnNg30CHzXj7l,2bLqfJjuC5syrsgDsZfGmn,0.731,0.807,0.1,0.181,0.751,0.319,0.765,114.759
20,5OTubTZNJnnNg30CHzXj7l,1ohbjkuczl6hEoYEo931PH,0.759,0.822,0.0367,0.00136,0.0167,0.131,0.94,124.713
0,78f51zHJQpov4NLE3za97t,1prRgvsF1hNFw84SuUnCCZ,0.595,0.658,0.0233,0.208,6.81e-05,0.0944,0.714,98.931
1,78f51zHJQpov4NLE3za97t,2n2Q8emLreMSj6qi5AytfY,0.491,0.506,0.0345,0.464,0.124,0.185,0.174,120.309
2,78f51zHJQpov4NLE3za97t,0jjGd0A09xnUACcQypbyVU,0.614,0.495,0.0446,0.72,0.00619,0.0786,0.877,92.384
3,78f51zHJQpov4NLE3za97t,6QWE5mVCTKkViVIFHFBlgz,0.72,0.776,0.072,0.625,0.0143,0.06,0.703,103.405
4,78f51zHJQpov4NLE3za97t,3ATo60fpicfxwZ0daRatlU,0.814,0.422,0.0489,0.606,0.00405,0.139,0.378,124.998
5,78f51zHJQpov4NLE3za97t,60ji00aSJqv0njEk9RI2LD,0.82,0.633,0.0745,0.129,0.0,0.0972,0.716,116.622
6,78f51zHJQpov4NLE3za97t,0eVnhQNFTRZXOIhHZNLX85,0.317,0.318,0.0279,0.458,0.465,0.073,0.503,60.247
7,78f51zHJQpov4NLE3za97t,0cBr3OsWXW3g8VrRRsHi80,0.739,0.759,0.0442,0.0185,0.317,0.0987,0.464,109.82
8,78f51zHJQpov4NLE3za97t,18nN7I09D0ZVCmdiTsRWSN,0.718,0.559,0.101,0.802,0.0122,0.364,0.831,87.578
9,78f51zHJQpov4NLE3za97t,399Hm1oqfzzQaZRu3CtVMb,0.492,0.743,0.135,0.461,0.0,0.0797,0.774,84.929
10,78f51zHJQpov4NLE3za97t,5vgnYVV4V2kEFYCeKdtYRW,0.774,0.458,0.0415,0.769,0.0116,0.0916,0.547,106.345
11,78f51zHJQpov4NLE3za97t,5RZ4cOFp67ylApthXlIqSM,0.563,0.797,0.0358,0.0681,0.00107,0.0906,0.851,152.956
12,78f51zHJQpov4NLE3za97t,6T9WnnoZCSVZT3AznFlkV5,0.704,0.278,0.0473,0.954,0.0858,0.111,0.558,94.951
13,78f51zHJQpov4NLE3za97t,5uM2TbV57PabdmqUTJa1pG,0.553,0.871,0.0381,0.679,0.0236,0.106,0.956,93.64
14,78f51zHJQpov4NLE3za97t,1V1taPaEp2dntrUKCAnnw5,0.327,0.674,0.0415,0.0814,1.57e-05,0.0758,0.564,148.399
15,78f51zHJQpov4NLE3za97t,3BpiaGyTIb7VIoAYbvSzTH,0.536,0.766,0.0522,0.0539,0.0051,0.292,0.758,87.893
16,78f51zHJQpov4NLE3za97t,6U03Orwr5Dxt8jahLnQpYV,0.512,0.511,0.03,0.662,0.000199,0.209,0.589,89.499
17,78f51zHJQpov4NLE3za97t,3QKJELWORZZ7rUZDWeMWSA,0.653,0.319,0.0364,0.439,0.0,0.0906,0.845,147.858
18,78f51zHJQpov4NLE3za97t,4iNgXqTD2uux9GH4lTnNaN,0.454,0.441,0.0286,0.303,0.000524,0.104,0.817,95.7
19,78f51zHJQpov4NLE3za97t,5QfKhwp1kMBkAqtlPpeNOF,0.767,0.552,0.052,0.127,0.618,0.0784,0.69,111.998
20,78f51zHJQpov4NLE3za97t,6d4KqeYESkFHMirUgE1Aa3,0.658,0.741,0.0572,0.0443,0.00128,0.0603,0.928,103.283
21,78f51zHJQpov4NLE3za97t,1T4MoETA6e8i5aFi6FVXEY,0.504,0.694,0.0548,0.316,0.013,0.646,0.655,98.51
22,78f51zHJQpov4NLE3za97t,7rud54XCjLv3AQbaUAtxU1,0.484,0.81,0.0377,0.626,0.000283,0.11,0.422,144.454
23,78f51zHJQpov4NLE3za97t,6GavAPHYA7OdbJP7EQOFxI,0.787,0.86,0.109,0.222,0.0,0.278,0.831,113.285
24,78f51zHJQpov4NLE3za97t,75agN5R0pxJxG4RZ3StZM8,0.811,0.756,0.0878,0.0585,0.000673,0.0702,0.791,112.406
25,78f51zHJQpov4NLE3za97t,2wCu7gCFE54RMUo3KuEBp4,0.654,0.867,0.258,0.511,0.156,0.666,0.964,125.75
26,78f51zHJQpov4NLE3za97t,2koS4fD3kzizdnzWzyrxyT,0.879,0.495,0.0765,0.538,0.000333,0.0827,0.802,102.652
27,78f51zHJQpov4NLE3za97t,2GEKAhY3g7aRlpidLrqe6W,0.751,0.648,0.105,0.0531,0.128,0.0936,0.724,95.963
28,78f51zHJQpov4NLE3za97t,3hfPSVSmYMJmyOVspUVRUD,0.55,0.337,0.346,0.863,0.00161,0.113,0.295,190.212
29,78f51zHJQpov4NLE3za97t,2m4AKjV0OBfSft7YYh8y5x,0.552,0.431,0.0352,0.384,0.352,0.237,0.643,84.312
30,78f51zHJQpov4NLE3za97t,0nbLHPYB1EYtCijjVSqlao,0.407,0.184,0.0337,0.808,0.0415,0.536,0.0841,93.092
31,78f51zHJQpov4NLE3za97t,4He9bNEbK9Au82pcbCZumy,0.824,0.593,0.0485,0.0614,0.00103,0.19,0.859,111.97
32,78f51zHJQpov4NLE3za97t,2Pt5F1fTXgF7yJvZH4J8Tk,0.87,0.628,0.0499,0.424,0.119,0.1,0.865,115.01
33,78f51zHJQpov4NLE3za97t,59HAcR0hVejI7Od0kgibFg,0.511,0.579,0.0872,0.577,0.0,0.139,0.526,116.13
34,78f51zHJQpov4NLE3za97t,4ivH1TtQELnn9KEtszWfYI,0.718,0.73,0.0292,0.54,0.0137,0.147,0.729,122.904
35,78f51zHJQpov4NLE3za97t,22sG77yM0PrgIpbVKZ40yY,0.491,0.576,0.0858,0.0306,0.00162,0.0757,0.414,114.057
36,78f51zHJQpov4NLE3za97t,167NF5BT2JUVb8RqqCTDQg,0.842,0.654,0.0544,0.011,0.00664,0.043,0.971,128.971
0,2uALaytMK4tGbTH0pvVazf,4Rlo7NPApLjjoEefxzDpVG,0.356,0.67,0.0324,0.467,0.000106,0.288,0.117,135.032
1,2uALaytMK4tGbTH0pvVazf,7kpYvT7rc1PstHASHqokXo,0.55,0.452,0.0738,0.317,5.98e-06,0.726,0.25,78.143
2,2uALaytMK4tGbTH0pvVazf,6CKoWCWAqEVWVjpeoJXyNH,0.537,0.373,0.0331,0.691,0.000915,0.083,0.244,83.936
3,2uALaytMK4tGbTH0pvVazf,3NsuucK8qXpIJf7KPZX7vq,0.895,0.109,0.0996,0.534,0.549,0.106,0.546,134.067
4,2uALaytMK4tGbTH0pvVazf,0Ag44k4hdnKUe4bU4E4qne,0.314,0.293,0.0308,0.884,2.6e-05,0.0788,0.22,123.013
5,2uALaytMK4tGbTH0pvVazf,4QeJJXqKtMDFYMWhcvwdMU,0.68,0.538,0.0408,0.000689,0.83,0.0765,0.0994,139.007
6,2uALaytMK4tGbTH0pvVazf,4L2c5iIVqb10OlI2mdkrkf,0.418,0.555,0.0452,0.791,7.11e-06,0.0707,0.103,124.947
7,2uALaytMK4tGbTH0pvVazf,36AlMHDBFwSsD3FQOy1R81,0.587,0.133,0.0565,0.186,2.26e-05,0.258,0.068,102.938
8,2uALaytMK4tGbTH0pvVazf,3REPEslblSsgtY427PdubY,0.507,0.852,0.146,0.00597,0.00711,0.306,0.439,115.43
9,2uALaytMK4tGbTH0pvVazf,3iGtu69TVhOuGVZY6PXcza,0.783,0.648,0.327,0.292,0.0,0.122,0.682,166.567
10,2uALaytMK4tGbTH0pvVazf,63d2bgv1B4yWFmhCs2TovX,0.462,0.714,0.12,0.164,4.61e-06,0.414,0.714,96.985
11,2uALaytMK4tGbTH0pvVazf,1OzqCZabn8vRI4otj89ZQQ,0.361,0.366,0.036,0.836,0.000174,0.226,0.559,79.954
12,2uALaytMK4tGbTH0pvVazf,7cKLOenzViwzoHJWciMIrj,0.722,0.605,0.153,0.825,0.0178,0.248,0.709,165.998
13,2uALaytMK4tGbTH0pvVazf,48zUFsio0IV0KQxnpqAaEm,0.691,0.157,0.157,0.00726,0.666,0.17,0.201,101.466
14,2uALaytMK4tGbTH0pvVazf,18bZGZU0wZ2lV1SEDoXqqr,0.463,0.553,0.0465,0.573,3.66e-05,0.315,0.715,100.608
15,2uALaytMK4tGbTH0pvVazf,6AvtRMA6AzFNYZ3qEMYpch,0.767,0.686,0.0461,0.0681,0.91,0.111,0.565,114.07
16,2uALaytMK4tGbTH0pvVazf,6iNncT0HlEZNVoBQbFrdLs,0.785,0.855,0.0678,0.00842,0.00222,0.148,0.805,123.664
17,2uALaytMK4tGbTH0pvVazf,0K3Dem9aRwRG9DVo0W2T3o,0.714,0.331,0.0983,0.186,0.0889,0.0725,0.747,180.647
18,2uALaytMK4tGbTH0pvVazf,7urjzeGBtfHdwWmfYJjdAp,0.454,0.206,0.0333,0.885,0.000108,0.067,0.336,167.169
19,2uALaytMK4tGbTH0pvVazf,0EdYLCHThvtSmze7iEqlEN,0.52,0.165,0.0429,0.958,0.904,0.226,0.115,113.999
20,2uALaytMK4tGbTH0pvVazf,7wEGeUzpPNnHKfOtSgYjG4,0.678,0.695,0.0284,0.181,0.635,0.0459,0.937,102.511
21,2uALaytMK4tGbTH0pvVazf,6TiCkACNmrC80bCJ3K2a4U,0.638,0.449,0.0531,0.225,0.0,0.121,0.608,134.993
22,2uALaytMK4tGbTH0pvVazf,2MZSXhq4XDJWu6coGoXX1V,0.558,0.0259,0.0458,0.996,0.871,0.0969,0.37,157.811
23,2uALaytMK4tGbTH0pvVazf,1C8rYFLZu5QFSN6KV18Q4E,0.458,0.54,0.027,0.715,0.000428,0.115,0.657,142.218
24,2uALaytMK4tGbTH0pvVazf,6aNrPJHozNew4k9T1ZMM5x,0.556,0.227,0.0748,0.91,8.84e-06,0.228,0.394,138.388
25,2uALaytMK4tGbTH0pvVazf,6k1NlbXRqTu51DiDJ7Mwwf,0.491,0.609,0.0461,0.529,0.00838,0.426,0.614,90.09
26,2uALaytMK4tGbTH0pvVazf,2yOm4lN7aTygtXanJFNFWU,0.571,0.232,0.0699,0.604,0.000246,0.119,0.207,128.785
27,2uALaytMK4tGbTH0pvVazf,7jhHtBvrNNdVixB7EYO1aE,0.63,0.442,0.0267,0.567,0.832,0.535,0.607,114.196
28,2uALaytMK4tGbTH0pvVazf,5uFfIoiIGHxiYwxKLl5dfF,0.521,0.505,0.0344,0.646,0.118,0.266,0.419,90.942
29,2uALaytMK4tGbTH0pvVazf,5p3JunprHCxClJjOmcLV8G,0.575,0.318,0.109,0.683,0.000202,0.0934,0.385,104.522
30,2uALaytMK4tGbTH0pvVazf,01gDLZsi0j5fWC28FLPNO8,0.584,0.975,0.0651,0.141,0.501,0.101,0.876,138.341
31,2uALaytMK4tGbTH0pvVazf,1qfDfZAvrkSAFrAR2FTQDv,0.731,0.312,0.0878,0.593,1.69e-06,0.111,0.578,82.366
32,2uALaytMK4tGbTH0pvVazf,1Ah2XT5vP7kZxS0iXuitik,0.534,0.69,0.0635,0.273,0.00501,0.654,0.763,95.905
33,2uALaytMK4tGbTH0pvVazf,5cDylrPWlV0A3XbX5fRTrd,0.688,0.411,0.0498,0.308,5.11e-06,0.0686,0.864,80.699
34,2uALaytMK4tGbTH0pvVazf,428Pr1wkAglLvbIlYTvlGt,0.535,0.452,0.0361,0.754,0.0,0.0631,0.7,79.075
35,2uALaytMK4tGbTH0pvVazf,2mTyh3nBpLJZBTb3M6nVzP,0.397,0.24,0.0363,0.52,0.494,0.0954,0.372,71.951
36,2uALaytMK4tGbTH0pvVazf,3CHJFleuQ0dwzc2tzKmTYj,0.663,0.444,0.0338,0.274,0.659,0.388,0.2,122.974
37,2uALaytMK4tGbTH0pvVazf,495kO2LJ7wfly285S2CBzj,0.379,0.633,0.0324,0.797,0.578,0.102,0.806,145.956
38,2uALaytMK4tGbTH0pvVazf,2JdM4xPoCuHrMzOGQrMUBj,0.714,0.338,0.0456,0.93,0.00644,0.389,0.667,128.386
39,2uALaytMK4tGbTH0pvVazf,0Qlbpljv5ZRlxRaYYnsvih,0.665,0.488,0.0938,0.415,2.9e-05,0.0642,0.669,99.311
40,2uALaytMK4tGbTH0pvVazf,7nRSTcH6T27wJmOiVldADh,0.62,0.291,0.0567,0.59,0.000104,0.0665,0.187,120.02
41,2uALaytMK4tGbTH0pvVazf,5zxcgHLBCmv6LzKOEL1Wx2,0.433,0.259,0.0364,0.88,2.24e-06,0.17,0.367,80.972
42,2uALaytMK4tGbTH0pvVazf,4RM7uN7fVEe89rt0f3NzcD,0.754,0.666,0.0461,0.445,0.00454,0.0806,0.75,156.571
43,2uALaytMK4tGbTH0pvVazf,3xBGFVU2b2PV556Q3ebsQH,0.377,0.387,0.029,0.89,0.427,0.108,0.644,149.126
44,2uALaytMK4tGbTH0pvVazf,3tuDCFSxG2W6XIJKhS0hcX,0.568,0.042,0.0384,0.936,0.832,0.104,0.407,119.051
45,2uALaytMK4tGbTH0pvVazf,7wf7NTTnSbWVkvDChqKFup,0.455,0.332,0.0696,0.911,0.0,0.138,0.806,144.674
46,2uALaytMK4tGbTH0pvVazf,5qozjIGFHytYn4ugwCoX0R,0.559,0.488,0.0301,0.557,0.0621,0.0848,0.624,121.924
47,2uALaytMK4tGbTH0pvVazf,1C8RHwk3q455M7hpihnzJJ,0.408,0.554,0.0268,0.84,0.000266,0.171,0.49,171.512
48,2uALaytMK4tGbTH0pvVazf,5JtgrxeDRTTcBsYwKoYb8v,0.413,0.406,0.0318,0.659,6.69e-06,0.272,0.147,85.651
49,2uALaytMK4tGbTH0pvVazf,0Np0GTkucxwBiL4pkE0XxD,0.513,0.592,0.0804,0.752,0.019,0.144,0.276,127.709
50,2uALaytMK4tGbTH0pvVazf,3Tp3nTswQmMzmQRqZu4iM2,0.48,0.447,0.036,0.74,0.00437,0.0858,0.255,96.771
51,2uALaytMK4tGbTH0pvVazf,1nNDQarqOkgtCApFCx2pcy,0.518,0.618,0.0303,0.548,0.785,0.293,0.707,142.873
52,2uALaytMK4tGbTH0pvVazf,4LCHPRyXvjPBjld9jCVsmP,0.5,0.351,0.0438,0.906,0.951,0.11,0.234,115.539
53,2uALaytMK4tGbTH0pvVazf,3gZ5OyEyBQCHRtH8QAnFRP,0.46,0.15,0.0343,0.905,0.00101,0.0812,0.319,91.9
54,2uALaytMK4tGbTH0pvVazf,39ZxeUDHT7jEpRmpQP3W03,0.487,0.584,0.0413,0.513,4.93e-06,0.131,0.738,129.484
55,2uALaytMK4tGbTH0pvVazf,40XIh4aEp1Ts5F4XEQM2lj,0.6,0.34,0.0285,0.719,0.864,0.141,0.57,114.319
56,2uALaytMK4tGbTH0pvVazf,467xSJTy9yUh7T6uaczra2,0.424,0.708,0.0322,0.033,0.0,0.241,0.588,93.126
57,2uALaytMK4tGbTH0pvVazf,4n3jZ9O3ntnHrP1sjmWW8T,0.6,0.507,0.183,0.908,2.15e-05,0.124,0.731,198.488
58,2uALaytMK4tGbTH0pvVazf,1CA90cZ19qHb7cFCrHbRl2,0.534,0.254,0.263,0.952,0.0,0.716,0.504,146.076
59,2uALaytMK4tGbTH0pvVazf,5EndcDV7pcbLO4jE2GBZwC,0.504,0.415,0.121,0.879,0.494,0.35,0.626,114.263
60,2uALaytMK4tGbTH0pvVazf,00Roxf5Opk9tpXXhIAQl8i,0.886,0.664,0.0563,0.0766,0.195,0.155,0.922,116.586
61,2uALaytMK4tGbTH0pvVazf,429Fpy7wKZUcEBjuOg5hM8,0.305,0.594,0.0418,0.000619,0.162,0.174,0.372,81.386
62,2uALaytMK4tGbTH0pvVazf,57dRHnlcMtr23jjX8uF788,0.508,0.476,0.0275,0.743,1.92e-06,0.404,0.6,81.944
63,2uALaytMK4tGbTH0pvVazf,7BhkSpJN2H4M9bG9jiZpWI,0.432,0.432,0.0487,0.741,0.000756,0.65,0.357,121.259
64,2uALaytMK4tGbTH0pvVazf,22mQzUCkUPc78n9LufLQUQ,0.441,0.0244,0.063,0.912,0.0,0.0775,0.218,92.697
65,2uALaytMK4tGbTH0pvVazf,5GvWrvLIqoHroq7YvO260M,0.734,0.485,0.0465,0.357,0.00019,0.0401,0.933,95.321
66,2uALaytMK4tGbTH0pvVazf,2hn1lerQkPC6fOI0QFjr8r,0.88,0.527,0.133,0.15,0.0447,0.0288,0.789,96.863
67,2uALaytMK4tGbTH0pvVazf,5f1dWtvWmx1RMP6ynU5PIH,0.574,0.304,0.0284,0.667,0.00898,0.232,0.545,85.731
68,2uALaytMK4tGbTH0pvVazf,14GkQWMThhBFmAqXZiRMcO,0.519,0.424,0.124,0.208,0.0,0.157,0.428,79.201
69,2uALaytMK4tGbTH0pvVazf,722E6CPY8biq4sUnf40u6Y,0.87,0.455,0.0342,0.575,0.648,0.051,0.961,105.658
70,2uALaytMK4tGbTH0pvVazf,59vsN1Z2iJC4YBcZum2Ei0,0.667,0.638,0.0581,0.69,0.000904,0.157,0.739,120.133
71,2uALaytMK4tGbTH0pvVazf,5hTyIlRYTc0sNHk5wDk6Xl,0.339,0.809,0.0649,0.159,4.08e-05,0.349,0.922,126.539
72,2uALaytMK4tGbTH0pvVazf,0CbTZTXrJ5FOWEADxEh8Qk,0.526,0.437,0.0343,0.815,0.00169,0.0969,0.358,114.03
73,2uALaytMK4tGbTH0pvVazf,042cqMVtNELUmKwODlHn8D,0.444,0.908,0.0372,0.0407,5.1e-06,0.214,0.793,180.003
74,2uALaytMK4tGbTH0pvVazf,2iXNeaqJ1Ef3YZ3iEak8tU,0.373,0.0435,0.0274,0.958,3.91e-06,0.0961,0.13,76.95
75,2uALaytMK4tGbTH0pvVazf,6v4UCusR4LTRlM5WHBUyxQ,0.75,0.645,0.0576,0.201,0.0,0.0582,0.506,111.569
76,2uALaytMK4tGbTH0pvVazf,1HC6o3lTQvNmtH3ejYG4hs,0.601,0.819,0.0633,0.171,0.205,0.112,0.767,86.621
77,2uALaytMK4tGbTH0pvVazf,0CFLjiBPNO1P2H6LpmSr9w,0.784,0.424,0.0399,0.656,0.00338,0.131,0.919,132.409
78,2uALaytMK4tGbTH0pvVazf,2vHB36rlRjtmrDB8B9MaDE,0.382,0.718,0.0525,0.35,0.482,0.297,0.295,115.562
79,2uALaytMK4tGbTH0pvVazf,6BCXQX53CTZMRXsX2EbUbY,0.578,0.843,0.0545,0.479,0.679,0.186,0.144,121.994
80,2uALaytMK4tGbTH0pvVazf,47iZ916i3S81tIvT8IBEWQ,0.689,0.464,0.055,0.533,0.0,0.119,0.824,71.504
81,2uALaytMK4tGbTH0pvVazf,2Q3PhTf6TBqSeKhG3y1MpS,0.536,0.262,0.929,0.786,0.0,0.406,0.625,153.973
82,2uALaytMK4tGbTH0pvVazf,2NVpYQqdraEcQwqT7GhUkh,0.8,0.878,0.0434,0.189,0.000104,0.14,0.816,104.282
83,2uALaytMK4tGbTH0pvVazf,1SShxVVBeZBCY7WddnksPz,0.484,0.641,0.0377,0.000779,0.278,0.0738,0.181,119.981
84,2uALaytMK4tGbTH0pvVazf,6EAlFsajDK1PVgfhdJbS5Y,0.471,0.585,0.0822,0.786,0.0,0.811,0.655,150.719
85,2uALaytMK4tGbTH0pvVazf,2ZvUoTx8BggYceQJz24xgG,0.659,0.764,0.176,0.0106,0.874,0.0761,0.551,118.245
86,2uALaytMK4tGbTH0pvVazf,2JH6m5odvWzRNH1a1pzkVH,0.385,0.383,0.0317,0.626,0.0128,0.145,0.118,140.147
87,2uALaytMK4tGbTH0pvVazf,5gzMJ3ETdDZLG7gj0O9jKB,0.439,0.37,0.0306,0.737,0.584,0.213,0.389,77.732
88,2uALaytMK4tGbTH0pvVazf,2vXOjiwfjobOqrezcuSBok,0.221,0.111,0.0355,0.944,0.923,0.19,0.0657,64.027
89,2uALaytMK4tGbTH0pvVazf,2CsnpBAB8VQMTyPuws57ao,0.512,0.661,0.0683,0.219,0.855,0.155,0.778,82.006
90,2uALaytMK4tGbTH0pvVazf,7zeFeBZVVmhlEFWxPLfxIn,0.315,0.282,0.0342,0.906,0.0,0.165,0.346,156.171
91,2uALaytMK4tGbTH0pvVazf,7gh2v4IHnxdiwSgA6xluhe,0.563,0.593,0.0322,0.192,1.85e-05,0.145,0.428,130.744
92,2uALaytMK4tGbTH0pvVazf,2RiqntEZMvmzbQQVodjKPw,0.883,0.335,0.195,0.00209,8.67e-05,0.24,0.58,130.893
93,2uALaytMK4tGbTH0pvVazf,59HAcR0hVejI7Od0kgibFg,0.511,0.579,0.0872,0.577,0.0,0.139,0.526,116.13
94,2uALaytMK4tGbTH0pvVazf,3PLKsooF2oGUBdGzblvOlI,0.451,0.203,0.0366,0.371,0.0,0.192,0.723,141.951
95,2uALaytMK4tGbTH0pvVazf,0dSRoWYf0GOzX9L44g53sZ,0.384,0.206,0.0319,0.826,0.0,0.553,0.667,170.172
96,2uALaytMK4tGbTH0pvVazf,2tQKA7DAqoVX8ouYgNpHHl,0.524,0.641,0.2,0.042,3.31e-05,0.167,0.603,90.916
97,2uALaytMK4tGbTH0pvVazf,5rbGLI5j4CoAStHSWrx0HW,0.557,0.606,0.064,0.136,0.0,0.245,0.592,90.202
98,2uALaytMK4tGbTH0pvVazf,0nlZjTPzW6S9JIESuGfImT,0.662,0.788,0.0635,0.0812,0.141,0.0351,0.929,116.499
99,2uALaytMK4tGbTH0pvVazf,3OCxOUUH3FUf8xk0RuWADJ,0.295,0.176,0.0397,0.849,0.659,0.105,0.147,120.47
0,05x2CYKAVLOzqxVGyUQ37y,5mexbTuWx9d8DPZk4sDGF4,0.551,0.725,0.189,0.194,0.0,0.0956,0.692,99.919
1,05x2CYKAVLOzqxVGyUQ37y,48Co4cbgmgcAGch0mZoJuJ,0.834,0.591,0.305,0.0553,0.0,0.074,0.9,104.944
2,05x2CYKAVLOzqxVGyUQ37y,3k5oLgungD1dSOGLqQdIQw,0.632,0.636,0.035,0.0352,0.158,0.0997,0.616,111.551
3,05x2CYKAVLOzqxVGyUQ37y,0M5pEUmRD3b4nP31L88IdL,0.287,0.87,0.293,0.00291,0.0,0.0609,0.681,81.162
4,05x2CYKAVLOzqxVGyUQ37y,5tkR9JkBj3Ueeo8W4k8IZD,0.818,0.461,0.292,0.598,0.000135,0.108,0.532,88.006
5,05x2CYKAVLOzqxVGyUQ37y,6QccBAqcybdAtdsu9wqUPm,0.636,0.377,0.343,0.199,0.0807,0.104,0.698,83.64
6,05x2CYKAVLOzqxVGyUQ37y,6M6UoxIPn4NOWW0x7JPRfv,0.701,0.815,0.0381,0.0174,0.000627,0.0969,0.671,138.142
7,05x2CYKAVLOzqxVGyUQ37y,5KaIIT6ijzJvlZPPiJby36,0.8,0.552,0.0862,0.16,7.05e-05,0.049,0.834,85.005
8,05x2CYKAVLOzqxVGyUQ37y,5lw8Mgb4LyhriPIC86gV6e,0.611,0.714,0.856,0.184,0.0,0.145,0.628,196.043
9,05x2CYKAVLOzqxVGyUQ37y,40jxatV29fk82SAziDsPqN,0.594,0.762,0.0899,0.426,0.0,0.085,0.588,139.932
10,05x2CYKAVLOzqxVGyUQ37y,56IszkEOG5lFShWevvEH3R,0.741,0.397,0.035,0.568,0.0,0.153,0.418,85.049
11,05x2CYKAVLOzqxVGyUQ37y,3VeuvRWfJLSOzeVPrgi5MR,0.816,0.433,0.177,0.0717,1.42e-05,0.12,0.713,129.852
12,05x2CYKAVLOzqxVGyUQ37y,0wY9rA9fJkuESyYm9uzVK5,0.784,0.586,0.187,0.00558,0.000286,0.106,0.656,132.169
13,05x2CYKAVLOzqxVGyUQ37y,66v8ihTuXUDKqienUaFzIe,0.352,0.385,0.138,0.153,2.77e-06,0.137,0.393,167.903
14,05x2CYKAVLOzqxVGyUQ37y,6hPSal3ragmfUt1I5mKZjn,0.614,0.785,0.0673,0.547,0.844,0.348,0.853,180.036
15,05x2CYKAVLOzqxVGyUQ37y,3f2k8op0nWDoZM4pXim6wG,0.809,0.685,0.045,0.11,0.00363,0.183,0.827,130.008
16,05x2CYKAVLOzqxVGyUQ37y,5FxVTEpoBress37MmlMhbZ,0.756,0.85,0.0538,0.0559,0.000809,0.111,0.415,100.005
17,05x2CYKAVLOzqxVGyUQ37y,0Epl79nHvdyTdZRAiWpJah,0.608,0.544,0.0474,0.15,0.00062,0.146,0.381,68.861
18,05x2CYKAVLOzqxVGyUQ37y,51rPRW8NjxZoWPPjnRGzHw,0.704,0.487,0.0604,0.669,8.64e-05,0.111,0.313,121.726
19,05x2CYKAVLOzqxVGyUQ37y,6zWU7YALeEDMcPGhKKZJhV,0.567,0.593,0.288,0.117,1.32e-06,0.248,0.358,88.545
20,05x2CYKAVLOzqxVGyUQ37y,4WCgIZ1n7I6yRaAQ9GjS07,0.812,0.567,0.083,0.539,0.0,0.11,0.616,124.945
21,05x2CYKAVLOzqxVGyUQ37y,2wfNdV5XrJVxBQSMjSkKxf,0.677,0.669,0.0632,0.259,0.849,0.14,0.222,170.087
22,05x2CYKAVLOzqxVGyUQ37y,6zfczP87XO2SxWlQtnjFNa,0.638,0.535,0.0415,0.623,0.0391,0.0837,0.504,84.947
23,05x2CYKAVLOzqxVGyUQ37y,4NFD9ea0uH0MtoC30yNYE1,0.696,0.65,0.0326,0.00666,0.153,0.14,0.587,91.997
24,05x2CYKAVLOzqxVGyUQ37y,6gpcs5eMhJwax4mIfKDYQk,0.736,0.795,0.0545,0.498,1.21e-06,0.254,0.511,104.066
0,5hBNpMINeLOWvmSawjojmD,6dFn6my1sHK2bcf23GlHwM,0.533,0.496,0.517,0.77,0.000164,0.0969,0.173,155.158
1,5hBNpMINeLOWvmSawjojmD,7LBdv0ek7Tj2s0bgxmlrC6,0.713,0.533,0.315,0.732,0.000947,0.111,0.306,73.973
2,5hBNpMINeLOWvmSawjojmD,6veyXXnn0bLM6KuJ7kXrla,0.692,0.671,0.21,0.76,0.147,0.118,0.866,82.126
3,5hBNpMINeLOWvmSawjojmD,5KaIIT6ijzJvlZPPiJby36,0.8,0.552,0.0862,0.16,7.05e-05,0.049,0.834,85.005
4,5hBNpMINeLOWvmSawjojmD,0hW6UzdP6HdPS1ZT8Qf2zG,0.462,0.59,0.0648,0.155,0.0708,0.215,0.297,174.008
5,5hBNpMINeLOWvmSawjojmD,4ir5WlzsgiP6TEbRtkhCGR,0.76,0.328,0.375,0.612,3.3e-05,0.108,0.852,142.46
6,5hBNpMINeLOWvmSawjojmD,3Ku9kSWtDQPC8bSWpHR7z0,0.64,0.496,0.284,0.333,0.0,0.13,0.547,119.849
7,5hBNpMINeLOWvmSawjojmD,62W5CABv1xIp5exdrTDHLV,0.739,0.378,0.0492,0.0864,1.69e-06,0.101,0.0394,100.038
8,5hBNpMINeLOWvmSawjojmD,4NeHCGpTPVCudqVpJiT7O9,0.565,0.566,0.141,0.485,6.55e-06,0.104,0.435,138.836
9,5hBNpMINeLOWvmSawjojmD,47KDDZgFiX1w6RFOuLXsSn,0.564,0.354,0.0334,0.73,3.43e-06,0.208,0.423,98.075
10,5hBNpMINeLOWvmSawjojmD,5RxiYD50AlzGAINxxFoBN2,0.475,0.824,0.0395,0.0846,0.155,0.136,0.408,117.239
11,5hBNpMINeLOWvmSawjojmD,1boXOL0ua7N2iCOUVI1p9F,0.707,0.238,0.0379,0.0905,2.42e-06,0.0842,0.345,124.156
12,5hBNpMINeLOWvmSawjojmD,2hSwwIRD8sahfwQGjFdixz,0.391,0.415,0.0398,0.573,0.00188,0.242,0.0789,99.035
13,5hBNpMINeLOWvmSawjojmD,7Cu2COdH93MnuireuKNiS3,0.41,0.298,0.0473,0.721,0.0,0.158,0.142,109.651
14,5hBNpMINeLOWvmSawjojmD,45PxuJqJBnPXZKLxoo9Apj,0.589,0.279,0.0408,0.911,0.000128,0.087,0.333,115.656
15,5hBNpMINeLOWvmSawjojmD,63UNqAjFomMcZXc2InOxTC,0.567,0.436,0.0571,0.778,0.0,0.188,0.252,149.987
16,5hBNpMINeLOWvmSawjojmD,5BOBHIBuzvQuIYL1E1nDzl,0.709,0.49,0.0757,0.11,0.00345,0.12,0.0397,155.069
17,5hBNpMINeLOWvmSawjojmD,51HuSQ3lAnMuZiPu9YBJqN,0.598,0.621,0.288,0.637,0.0,0.086,0.573,108.231
18,5hBNpMINeLOWvmSawjojmD,5ibTi2YwtvbB1bTOv2I93d,0.734,0.438,0.0865,0.224,0.00292,0.215,0.645,143.961
19,5hBNpMINeLOWvmSawjojmD,2EQWbkcNoKPOXQtJM7nqRV,0.416,0.319,0.0299,0.861,0.000554,0.107,0.28,95.307
20,5hBNpMINeLOWvmSawjojmD,3BQHpFgAp4l80e1XslIjNI,0.332,0.179,0.0326,0.879,0.0,0.0886,0.315,96.529
0,7ngH1K1A0NE1gcr7WBlWxR,2EWpa5XnAuSn0sIkSSIhYk,0.649,0.718,0.0261,0.142,0.0713,0.124,0.718,101.034
1,7ngH1K1A0NE1gcr7WBlWxR,2pClJ2sX3lMEXUG6FUaRqO,0.705,0.655,0.0338,0.0859,2.19e-06,0.199,0.618,120.01
2,7ngH1K1A0NE1gcr7WBlWxR,6JugKFXssO9L2tN8omeTPt,0.6,0.968,0.0329,0.301,1.88e-06,0.19,0.635,123.019
3,7ngH1K1A0NE1gcr7WBlWxR,25nzKGDiua1lE9Qo5V19GL,0.579,0.865,0.0302,5.63e-05,0.000221,0.649,0.358,104.99
4,7ngH1K1A0NE1gcr7WBlWxR,7ECNbJ7lRHDY2CiHKVirYB,0.641,0.892,0.0392,0.163,0.0159,0.266,0.959,86.739
5,7ngH1K1A0NE1gcr7WBlWxR,57nNNkgk768QVXq3uHxu5e,0.577,0.827,0.0365,0.00338,0.000647,0.26,0.179,101.031
6,7ngH1K1A0NE1gcr7WBlWxR,2AYEOC02WLhUiOoaig2SEH,0.545,0.968,0.0853,0.0387,0.00325,0.331,0.527,169.965
7,7ngH1K1A0NE1gcr7WBlWxR,5JGxJFdgOQdJZdmyEzDtTj,0.476,0.918,0.0616,0.00895,0.0,0.292,0.717,154.897
8,7ngH1K1A0NE1gcr7WBlWxR,1fBl642IhJOE5U319Gy2Go,0.482,0.833,0.0449,0.000346,0.0,0.365,0.74,148.039
9,7ngH1K1A0NE1gcr7WBlWxR,1wAXODAAL6hY64ZdhrnjBO,0.759,0.849,0.0317,0.000983,1.51e-05,0.0864,0.73,122.033
10,7ngH1K1A0NE1gcr7WBlWxR,6bsYM7B72YM9IaLdPBAu7I,0.716,0.91,0.12,0.15,0.0,0.0796,0.686,129.962
11,7ngH1K1A0NE1gcr7WBlWxR,0ig4lxtPqcFTUopvk57nQy,0.657,0.693,0.0332,0.0864,9.22e-05,0.137,0.271,120.041
12,7ngH1K1A0NE1gcr7WBlWxR,4EaO2XR7gWaHq8DW7nu1iY,0.472,0.881,0.0524,0.0876,0.0,0.0698,0.502,178.858
13,7ngH1K1A0NE1gcr7WBlWxR,41d2Q6DHcM20OdzynkRtvf,0.662,0.837,0.0582,0.0623,0.0,0.0931,0.613,136.998
14,7ngH1K1A0NE1gcr7WBlWxR,24kirWnsEEyGgbl2NuhSVz,0.498,0.727,0.0308,0.0562,0.0,0.609,0.441,79.994
15,7ngH1K1A0NE1gcr7WBlWxR,5L95vS64rG1YMIFm1hLjyZ,0.421,0.79,0.0538,0.00205,0.000309,0.148,0.279,162.024
16,7ngH1K1A0NE1gcr7WBlWxR,6cMswWRv4lAU3mh5lclgCc,0.612,0.89,0.047,0.000478,0.0,0.0672,0.886,118.989
17,7ngH1K1A0NE1gcr7WBlWxR,7tKnaB8gsXxyPScxEwzQ9N,0.568,0.746,0.0462,0.0054,0.0,0.162,0.409,125.04
18,7ngH1K1A0NE1gcr7WBlWxR,71WuBJBWDkgKusbyBJIOsp,0.629,0.923,0.147,0.0835,4.67e-06,0.0911,0.721,99.951
19,7ngH1K1A0NE1gcr7WBlWxR,1o2DMB5ZGoKV767eMx8bPf,0.634,0.721,0.0254,0.0169,0.00981,0.0544,0.249,101.515
20,7ngH1K1A0NE1gcr7WBlWxR,2NrCdk8AjZdTC50O5Efa6C,0.492,0.98,0.0564,0.0236,0.000666,0.326,0.466,144.057
21,7ngH1K1A0NE1gcr7WBlWxR,3mxMrdo3fJjDbb64nagoXR,0.62,0.892,0.0531,0.054,0.000687,0.207,0.418,129.96
0,56N4ncvS5jphW5YALJk9RJ,6Fha6tXHkL3r9m9nNqQG8p,0.388,0.66,0.0308,0.312,0.000307,0.0943,0.401,143.554
1,56N4ncvS5jphW5YALJk9RJ,3qhobDAfBcVoOWZP8Ck8R2,0.664,0.573,0.0277,0.613,0.000363,0.0857,0.566,76.023
2,56N4ncvS5jphW5YALJk9RJ,4h0zU3O9R5xzuTmNO7dNDU,0.71,0.0565,0.0534,0.965,0.0,0.0889,0.348,123.994
3,56N4ncvS5jphW5YALJk9RJ,5YqpHuXpFjDVZ7tY1ClFll,0.589,0.177,0.0325,0.977,0.714,0.0958,0.311,88.409
4,56N4ncvS5jphW5YALJk9RJ,48wSJ6NhMFYYB6LjdnPNjM,0.572,0.231,0.0334,0.953,3.88e-06,0.111,0.332,96.729
5,56N4ncvS5jphW5YALJk9RJ,70K0ezmzYEZeqoSaZMyP7o,0.383,0.43,0.0302,0.817,1.04e-06,0.0869,0.174,107.005
6,56N4ncvS5jphW5YALJk9RJ,4RL77hMWUq35NYnPLXBpih,0.379,0.29,0.051,0.952,0.00106,0.118,0.169,166.467
7,56N4ncvS5jphW5YALJk9RJ,1vyrrrnb7182SL6iOMor3O,0.402,0.539,0.043,0.88,0.0065,0.117,0.371,146.526
8,56N4ncvS5jphW5YALJk9RJ,13HVjjWUZFaWilh2QUJKsP,0.546,0.311,0.0288,0.818,1.65e-05,0.107,0.246,147.464
9,56N4ncvS5jphW5YALJk9RJ,5pLpkaIRobcvPnUmclNv6o,0.597,0.363,0.0314,0.626,2.96e-05,0.0848,0.0785,130.022
10,56N4ncvS5jphW5YALJk9RJ,6liNJDyWJjyHAgDnAX95bw,0.596,0.827,0.0372,0.0242,0.0,0.0958,0.329,115.034
11,56N4ncvS5jphW5YALJk9RJ,2fSIF8CJhoc9CJhF9vJDXp,0.588,0.142,0.0329,0.863,0.000162,0.0953,0.288,119.656
12,56N4ncvS5jphW5YALJk9RJ,0bZ52QzCCKfrfOqs7za6lI,0.415,0.11,0.0388,0.951,0.00234,0.0962,0.234,81.876
13,56N4ncvS5jphW5YALJk9RJ,6GRDI9suQHikFP6euIXnpq,0.341,0.539,0.0265,0.213,6.44e-05,0.109,0.267,174.564
14,56N4ncvS5jphW5YALJk9RJ,7q0aQpiLv5tIsupcgQ3Ny4,0.717,0.455,0.0276,0.0846,0.0,0.11,0.389,127.812
15,56N4ncvS5jphW5YALJk9RJ,3C5in0EVdoGepp5bA6lhlE,0.684,0.341,0.0272,0.837,2.69e-05,0.0883,0.557,75.948
16,56N4ncvS5jphW5YALJk9RJ,66nJBHV6WtQI3IiU6n8fY5,0.428,0.064,0.0374,0.929,0.0,0.0859,0.108,142.436
17,56N4ncvS5jphW5YALJk9RJ,0fNK8zD8S2douor2RMw6LW,0.385,0.371,0.0504,0.941,0.0445,0.108,0.0796,122.177
18,56N4ncvS5jphW5YALJk9RJ,7BVwi9cIzSc6tpyxsp47vJ,0.595,0.723,0.0349,0.047,0.0286,0.0995,0.272,108.043
19,56N4ncvS5jphW5YALJk9RJ,4nOi8Y22QaxmAEkIrpb5Fv,0.598,0.56,0.0375,0.607,0.0432,0.196,0.221,115.01
20,56N4ncvS5jphW5YALJk9RJ,5BSndweF91KDqyxANsZcQH,0.685,0.466,0.0304,0.794,2.06e-06,0.0915,0.353,79.936
21,56N4ncvS5jphW5YALJk9RJ,10ViidwjGLCfVtGPfdcszR,0.545,0.59,0.0327,0.32,0.000389,0.124,0.127,111.739
22,56N4ncvS5jphW5YALJk9RJ,3kZC0ZmFWrEHdUCmUqlvgZ,0.517,0.206,0.0421,0.924,0.0,0.118,0.489,80.401
23,56N4ncvS5jphW5YALJk9RJ,5axBwqXk8lLdtdc1tLCNPn,0.544,0.608,0.0345,0.397,0.0,0.14,0.396,114.882
24,56N4ncvS5jphW5YALJk9RJ,5szmwG86IFASvYrca21MEz,0.484,0.381,0.0625,0.74,1.4e-06,0.111,0.296,118.567
25,56N4ncvS5jphW5YALJk9RJ,01qIefOW1UdSDS1mHoSZ3x,0.751,0.528,0.0865,0.769,4.9e-06,0.0782,0.326,126.013
26,56N4ncvS5jphW5YALJk9RJ,6G43t8BCjmJyPGwNrAAPPV,0.411,0.405,0.0313,0.152,0.0,0.11,0.142,110.133
27,56N4ncvS5jphW5YALJk9RJ,0fYVliAYKHuPmECRs1pbRf,0.526,0.862,0.0905,0.0144,0.0597,0.229,0.528,90.052
28,56N4ncvS5jphW5YALJk9RJ,3cnRYoW4nYzIuVPCp7k5iG,0.773,0.394,0.0516,0.627,1.36e-05,0.0953,0.443,74.977
29,56N4ncvS5jphW5YALJk9RJ,451GvHwY99NKV4zdKPRWmv,0.816,0.375,0.0996,0.607,8.66e-06,0.0933,0.615,114.303
30,56N4ncvS5jphW5YALJk9RJ,4VywXu6umkIQ2OS0m1I79y,0.868,0.347,0.0536,0.308,2e-05,0.11,0.659,110.059
31,56N4ncvS5jphW5YALJk9RJ,3f8Uygfz3CIpUCo6H6iNOJ,0.668,0.361,0.0273,0.573,0.00506,0.0805,0.288,134.15
32,56N4ncvS5jphW5YALJk9RJ,4LloVtxNZpeh7q7xdi1DQc,0.315,0.296,0.0315,0.771,0.0,0.702,0.435,173.509
33,56N4ncvS5jphW5YALJk9RJ,5kGBSOrKYmhRfdPBw4xD8D,0.652,0.601,0.0317,0.625,0.000165,0.17,0.302,130.308
34,56N4ncvS5jphW5YALJk9RJ,1hxq7kWQnwdhxgpEugBMGk,0.359,0.648,0.035,0.108,0.0135,0.0555,0.133,111.733
35,56N4ncvS5jphW5YALJk9RJ,1VdZ0vKfR5jneCmWIUAMxK,0.642,0.289,0.0367,0.669,0.0,0.18,0.407,84.996
36,56N4ncvS5jphW5YALJk9RJ,58Qol5xzalwqF912GE9vQv,0.629,0.572,0.0307,0.32,0.000853,0.109,0.182,93.997
37,56N4ncvS5jphW5YALJk9RJ,1u2CN23PR0T2BHfXRNHwnM,0.589,0.453,0.0302,0.644,0.000372,0.0557,0.119,79.984
38,56N4ncvS5jphW5YALJk9RJ,7tmtOEDxPN7CWaQWBsG1DY,0.715,0.715,0.0904,0.0526,0.0,0.0936,0.506,134.923
39,56N4ncvS5jphW5YALJk9RJ,3pLTOP0G0etiWUknFoRpsr,0.576,0.486,0.0406,0.0606,0.000143,0.093,0.337,141.951
40,56N4ncvS5jphW5YALJk9RJ,14JzyD6FlBD5z0wV5P07YI,0.498,0.104,0.0621,0.979,7.86e-05,0.0895,0.205,124.001
41,56N4ncvS5jphW5YALJk9RJ,3U4isOIWM3VvDubwSI3y7a,0.422,0.264,0.0322,0.922,0.0,0.132,0.331,119.93
42,56N4ncvS5jphW5YALJk9RJ,0P5bg4JX1fUplClPC0nkUS,0.596,0.362,0.0535,0.735,0.00216,0.654,0.175,132.067
43,56N4ncvS5jphW5YALJk9RJ,45PxuJqJBnPXZKLxoo9Apj,0.589,0.279,0.0408,0.911,0.000128,0.087,0.333,115.656
0,34uSLMvJ5NuRbssvyS8jct,5oRl4vsiT00kl4fDfxGeEt,0.493,0.935,0.335,0.0822,0.0,0.283,0.64,80.005
1,34uSLMvJ5NuRbssvyS8jct,3tUw18bcWoRnTgcgfb2ZXq,0.828,0.647,0.131,0.068,1.13e-06,0.112,0.748,105.039
2,34uSLMvJ5NuRbssvyS8jct,4cyZWnBdkSitrZcBgiejdP,0.853,0.661,0.247,0.329,0.0,0.0803,0.786,88.053
3,34uSLMvJ5NuRbssvyS8jct,2YolZNUiiPY3X7T2NftUeg,0.619,0.939,0.375,0.759,0.0,0.216,0.588,102.565
4,34uSLMvJ5NuRbssvyS8jct,7FQjOCGJlRU3OBcWg3zVnq,0.51,0.69,0.21,0.255,0.0,0.449,0.831,94.411
5,34uSLMvJ5NuRbssvyS8jct,0YizdApFI24c5SCQREguao,0.585,0.884,0.354,0.0942,0.0,0.41,0.694,151.874
6,34uSLMvJ5NuRbssvyS8jct,0gpldhkM6R39FI8vxfrgBn,0.547,0.821,0.24,0.0139,0.0,0.199,0.532,95.907
7,34uSLMvJ5NuRbssvyS8jct,2JaaUoHRCwy0ohnYebvbex,0.768,0.797,0.241,0.034,0.000171,0.135,0.504,80.477
8,34uSLMvJ5NuRbssvyS8jct,3BVt1MH9KaZjQw4W58SUTV,0.851,0.67,0.283,0.264,0.0,0.115,0.614,119.994
9,34uSLMvJ5NuRbssvyS8jct,2pMOLATPaYxPeeU1XfH7Ss,0.529,0.826,0.325,0.13,0.0,0.394,0.632,138.631
10,34uSLMvJ5NuRbssvyS8jct,243C7wnj16KiWFlcIXwKf3,0.676,0.66,0.084,0.646,0.0,0.167,0.371,120.271
11,34uSLMvJ5NuRbssvyS8jct,15RRPKklhS7J6nUvHvVenl,0.599,0.918,0.185,0.0445,0.0,0.218,0.518,97.891
12,34uSLMvJ5NuRbssvyS8jct,2RwpeZcFwIAb2JPmfKeioc,0.642,0.669,0.173,0.0704,6.51e-05,0.114,0.176,85.855
13,34uSLMvJ5NuRbssvyS8jct,4cb0chqcLcXdMrm1hMLoeK,0.533,0.729,0.317,0.122,0.0,0.428,0.304,162.471
14,34uSLMvJ5NuRbssvyS8jct,4LXUkhq8xN96oHvgYO5I5P,0.811,0.54,0.237,0.0285,0.0,0.0528,0.711,83.01
15,34uSLMvJ5NuRbssvyS8jct,0NkhsTIoveKdBQAfGDCNBw,0.722,0.813,0.306,0.165,0.0,0.0459,0.659,90.029
16,34uSLMvJ5NuRbssvyS8jct,3igp8D5cq8VOt3odv2ehv9,0.766,0.613,0.0717,0.145,0.0,0.633,0.602,131.979
17,34uSLMvJ5NuRbssvyS8jct,7nWxZ1OWN4gtVH1mplNRxV,0.42,0.726,0.415,0.516,0.0,0.0907,0.316,76.585
18,34uSLMvJ5NuRbssvyS8jct,6eGOhP07wbi8A1vRRB6GcA,0.745,0.572,0.174,0.705,0.0,0.146,0.663,89.051
19,34uSLMvJ5NuRbssvyS8jct,6FedhFiHb0KxTvOD1qEX8L,0.44,0.671,0.477,0.764,0.0,0.212,0.479,83.078
20,34uSLMvJ5NuRbssvyS8jct,6z1z7D2WcyVWkRAr2UVbt5,0.425,0.768,0.272,0.0551,0.0,0.19,0.274,81.337
21,34uSLMvJ5NuRbssvyS8jct,6rbeWjEavBHvX2kr6lSogS,0.831,0.427,0.106,0.0531,0.0,0.316,0.216,93.004
22,34uSLMvJ5NuRbssvyS8jct,3FWR4iiUUPHIK7OpiEgh8J,0.727,0.781,0.29,0.103,0.0,0.0537,0.682,81.076
23,34uSLMvJ5NuRbssvyS8jct,07NI6CCv57IbIqzy10ddd7,0.793,0.498,0.17,0.0974,1.26e-05,0.13,0.427,119.988
24,34uSLMvJ5NuRbssvyS8jct,3MWlVSkoLS1e66nlZ2tuWJ,0.595,0.416,0.0366,0.536,0.0,0.293,0.185,74.556
25,34uSLMvJ5NuRbssvyS8jct,6AGON2BGdPmPMJGiiNuuwl,0.744,0.43,0.309,0.455,2.73e-06,0.126,0.266,92.039
26,34uSLMvJ5NuRbssvyS8jct,6I6NX6tjGsxFAsIfGzY9lJ,0.657,0.421,0.412,0.352,0.000218,0.187,0.181,174.063
27,34uSLMvJ5NuRbssvyS8jct,2z3joGXrdGL2iEjIKQTiN1,0.87,0.386,0.0684,0.745,0.00013,0.122,0.642,119.91
28,34uSLMvJ5NuRbssvyS8jct,0HtOJj7Kl74s1Ngf3MWeif,0.439,0.204,0.0587,0.766,0.0913,0.284,0.0408,139.652
29,34uSLMvJ5NuRbssvyS8jct,3pjUyVbFmM96tYhSaKJwTt,0.74,0.523,0.233,0.666,0.00142,0.0968,0.235,97.063
30,34uSLMvJ5NuRbssvyS8jct,0utlOiJy2weVl9WTkcEWHy,0.898,0.283,0.356,0.319,0.000383,0.11,0.469,138.97
31,34uSLMvJ5NuRbssvyS8jct,77IAeEz8LEchPN8UNjaTJ2,0.698,0.487,0.312,0.234,0.00086,0.0724,0.614,161.943
32,34uSLMvJ5NuRbssvyS8jct,5rmcjZTrE9JR1YrbNZDFNW,0.486,0.194,0.0712,0.798,0.00624,0.114,0.048,70.031
33,34uSLMvJ5NuRbssvyS8jct,1vvnYpYEMVB4aq9I6tHIEB,0.701,0.485,0.364,0.367,6.31e-05,0.0852,0.496,78.863
34,34uSLMvJ5NuRbssvyS8jct,6NyhBA9M6KK0fuVsojxL00,0.478,0.546,0.354,0.26,0.0,0.0951,0.373,79.237
35,34uSLMvJ5NuRbssvyS8jct,6Ius4TC0L3cN74HT7ENE6e,0.517,0.705,0.364,0.0751,0.0,0.128,0.584,175.906
36,34uSLMvJ5NuRbssvyS8jct,4txn9qnwK3ILQqv5oq2mO3,0.519,0.809,0.556,0.388,0.0,0.275,0.262,146.02
37,34uSLMvJ5NuRbssvyS8jct,7lL3MvFWFFSD25pBz72Agj,0.559,0.556,0.531,0.553,0.0,0.251,0.362,189.861
38,34uSLMvJ5NuRbssvyS8jct,4Tjh34RS4ACZ6f6srlDBg8,0.516,0.738,0.414,0.28,0.0,0.621,0.599,175.427
39,34uSLMvJ5NuRbssvyS8jct,4qRjfovbhI4EwP7VQNfxVW,0.649,0.541,0.0674,0.054,0.0365,0.0627,0.326,84.405
40,34uSLMvJ5NuRbssvyS8jct,16qYlQ6koFxYVbiJbGHblz,0.89,0.393,0.267,0.331,8.81e-06,0.283,0.304,128.084
41,34uSLMvJ5NuRbssvyS8jct,62vpWI1CHwFy7tMIcSStl8,0.692,0.521,0.33,0.301,0.0,0.0565,0.463,100.45
42,34uSLMvJ5NuRbssvyS8jct,30Chv2SmIry70YwtmtaKnj,0.598,0.7,0.22,0.0771,1.13e-05,0.106,0.329,159.899
43,34uSLMvJ5NuRbssvyS8jct,1HNs07uZxZniPNmniw2GTa,0.8,0.543,0.0911,0.564,0.0,0.116,0.534,133.98
44,34uSLMvJ5NuRbssvyS8jct,4gkl7QbQvBd3TM9PhlWFkI,0.502,0.623,0.44,0.609,0.0,0.119,0.399,75.578
45,34uSLMvJ5NuRbssvyS8jct,1Zr81EwelY5jJ9jcUWlxnp,0.482,0.733,0.262,0.501,2.41e-05,0.0985,0.692,153.596
46,34uSLMvJ5NuRbssvyS8jct,7rVfKK0XbmSEwCQVBX944l,0.45,0.713,0.235,0.178,0.00026,0.083,0.31,165.896
47,34uSLMvJ5NuRbssvyS8jct,3RWvsWnpstHUT820RAQIGH,0.607,0.887,0.203,0.187,2.25e-05,0.169,0.456,87.078
48,34uSLMvJ5NuRbssvyS8jct,4pmrPyNt132KL2gWk65fUv,0.618,0.658,0.152,0.113,0.137,0.107,0.441,82.038
49,34uSLMvJ5NuRbssvyS8jct,5Qr4EzrrvzNJoBNGyKeBEe,0.655,0.83,0.27,0.365,0.0,0.117,0.658,98.969
50,34uSLMvJ5NuRbssvyS8jct,4up8h5utFmGBDXZHktYSBc,0.563,0.65,0.123,0.00259,0.0,0.129,0.369,83.984
51,34uSLMvJ5NuRbssvyS8jct,2NUZwBVTnpYyqZqk5gyBZt,0.648,0.721,0.131,0.23,0.299,0.122,0.369,85.958
52,34uSLMvJ5NuRbssvyS8jct,5zhjybtWHxZ82aLRtv2MWR,0.448,0.772,0.312,0.114,0.0,0.129,0.309,80.318
53,34uSLMvJ5NuRbssvyS8jct,0kjX99NTf49aJtbb7EVfx4,0.4,0.696,0.117,0.017,0.00168,0.206,0.204,172.459
54,34uSLMvJ5NuRbssvyS8jct,0k7UxTqp57Q4oXMaYMTO9P,0.724,0.289,0.428,0.528,0.0,0.0652,0.702,137.017
55,34uSLMvJ5NuRbssvyS8jct,7AzunAhx3JfoHxYS5N6KVx,0.684,0.689,0.294,0.0264,0.0,0.0942,0.317,138.147
56,34uSLMvJ5NuRbssvyS8jct,16I4QSIW7McKGyz5YlQU0F,0.381,0.699,0.363,0.208,0.0,0.137,0.345,76.996
57,34uSLMvJ5NuRbssvyS8jct,3b3SSIcnE9a77XoUEtG5Jm,0.639,0.664,0.0451,0.422,0.0,0.23,0.193,107.996
58,34uSLMvJ5NuRbssvyS8jct,213yvmgTvWQxcOTvnm9rzg,0.531,0.76,0.33,0.131,0.0,0.156,0.745,78.733
59,34uSLMvJ5NuRbssvyS8jct,3b5YHReWhnrlfHS7nk7YeQ,0.685,0.872,0.294,0.035,0.0,0.228,0.546,85.85
60,34uSLMvJ5NuRbssvyS8jct,5csdNgCD64XzhsyoRlhzsa,0.722,0.654,0.173,0.198,5.73e-06,0.0891,0.418,81.984
61,34uSLMvJ5NuRbssvyS8jct,0DFXJsb272VivfOYi6bRtj,0.617,0.829,0.397,0.278,0.0,0.158,0.578,157.679
62,34uSLMvJ5NuRbssvyS8jct,7jmTA4qUoE3powcTpw3dvF,0.605,0.887,0.385,0.171,0.0,0.151,0.542,158.274
63,34uSLMvJ5NuRbssvyS8jct,282L6SR4Y8Rs0VUgtEy1Zw,0.766,0.739,0.0805,0.0192,0.0794,0.229,0.185,118.005
64,34uSLMvJ5NuRbssvyS8jct,0QpYkajexWrB0P3TWvkHlm,0.586,0.717,0.197,0.472,0.00236,0.104,0.306,125.007
65,34uSLMvJ5NuRbssvyS8jct,5kpnUpMNV9dPNCKY7JtW3Q,0.838,0.505,0.383,0.548,0.00127,0.211,0.407,110.029
66,34uSLMvJ5NuRbssvyS8jct,26RcjBcThMrZ8KvsqApOvN,0.458,0.74,0.245,0.0256,0.0,0.296,0.37,79.255
67,34uSLMvJ5NuRbssvyS8jct,0bhnUFDQFCEHCBlsQfHnj5,0.691,0.487,0.268,0.0299,0.0,0.0868,0.358,104.98
68,34uSLMvJ5NuRbssvyS8jct,3rFF7kSm5qBOOPs6ljFgPp,0.734,0.543,0.4,0.186,0.0,0.372,0.336,78.168
69,34uSLMvJ5NuRbssvyS8jct,2UciqgwVDwro0fev3MFbxJ,0.772,0.498,0.649,0.115,0.0,0.0898,0.351,81.817
70,34uSLMvJ5NuRbssvyS8jct,1AT4xjNarTswd0UZ5FlmKF,0.869,0.385,0.297,0.135,0.0,0.0931,0.596,149.897
71,34uSLMvJ5NuRbssvyS8jct,6tZ3b7ik1QDXFAZlXib0YZ,0.829,0.527,0.367,0.482,0.0,0.631,0.475,116.079
72,34uSLMvJ5NuRbssvyS8jct,5sWbwccBcyHsg5LEKWGZo9,0.678,0.567,0.261,0.188,1.67e-06,0.164,0.658,84.039
73,34uSLMvJ5NuRbssvyS8jct,0Px86mRlxdB3YqpK6KXWlr,0.623,0.473,0.461,0.626,0.0,0.119,0.138,84.066
74,34uSLMvJ5NuRbssvyS8jct,6onwlDmIVKE8bBgyBRSuS0,0.715,0.652,0.396,0.101,0.0,0.11,0.498,109.28
75,34uSLMvJ5NuRbssvyS8jct,5Lgqu1th1KqlG97OF2gWGe,0.719,0.626,0.397,0.0607,0.0,0.0728,0.179,75.032
76,34uSLMvJ5NuRbssvyS8jct,7EulRO07ZgchxqKUHb8Pvc,0.679,0.648,0.445,0.145,0.0,0.182,0.635,94.378
77,34uSLMvJ5NuRbssvyS8jct,7yotKA30dwTKNEGomV9ZsI,0.823,0.783,0.154,0.21,0.0,0.113,0.199,141.882
78,34uSLMvJ5NuRbssvyS8jct,6uslSzMm1xIuCf5p9ECEtz,0.475,0.757,0.357,0.195,0.0,0.37,0.0707,187.929
79,34uSLMvJ5NuRbssvyS8jct,5JfYyqgaXDFMVtWzzgN8Uq,0.455,0.647,0.203,0.0207,0.0556,0.098,0.489,99.505
80,34uSLMvJ5NuRbssvyS8jct,4pqiLICe0uTHb9WfY02ek9,0.74,0.474,0.0622,0.174,8.31e-06,0.153,0.0818,107.454
81,34uSLMvJ5NuRbssvyS8jct,4cvUik0BhfRXJyEGtTYuut,0.772,0.729,0.292,0.23,0.0,0.257,0.475,104.031
82,34uSLMvJ5NuRbssvyS8jct,6qwGBEapykrbAHTYlYwONN,0.695,0.768,0.136,0.00137,0.0,0.0964,0.499,156.974
83,34uSLMvJ5NuRbssvyS8jct,4xjTj1GaKEdP7VJRLwcogJ,0.329,0.65,0.206,0.396,0.0,0.119,0.437,84.594
84,34uSLMvJ5NuRbssvyS8jct,3YjQfsV7vIDj0eovuUlbK7,0.657,0.836,0.196,0.0493,0.00366,0.367,0.049,107.352
85,34uSLMvJ5NuRbssvyS8jct,2m3G4SXZiJEOvqf3s0s9d8,0.749,0.674,0.229,0.406,0.0,0.296,0.396,124.917
86,34uSLMvJ5NuRbssvyS8jct,6rDaCGqcQB1urhpCrrD599,0.705,0.816,0.32,0.0805,0.0,0.476,0.929,94.211
87,34uSLMvJ5NuRbssvyS8jct,11QvWp3CsEPd0YLE6xKGyx,0.814,0.737,0.259,0.197,0.0,0.0954,0.461,171.687
88,34uSLMvJ5NuRbssvyS8jct,42Zsl9GItIcSOQfRxpGo2k,0.549,0.819,0.317,0.0797,0.0,0.362,0.397,85.178
89,34uSLMvJ5NuRbssvyS8jct,2lRe5wBRm4xaSKTbDn2vLD,0.57,0.65,0.326,0.0707,0.0,0.339,0.174,96.767
90,34uSLMvJ5NuRbssvyS8jct,5A0NEY8GOCB3ErRSRPpY72,0.625,0.642,0.168,0.279,1.22e-06,0.103,0.333,84.544
91,34uSLMvJ5NuRbssvyS8jct,5Je1fS7wNMhngKuU0fKUvw,0.703,0.852,0.196,0.0814,0.0014,0.314,0.961,76.471
92,34uSLMvJ5NuRbssvyS8jct,6JG0qhINKVwiHxqN85j7RG,0.607,0.784,0.268,0.433,0.0,0.689,0.482,81.004
93,34uSLMvJ5NuRbssvyS8jct,5u89YD9CJMFVfFqUoeGy2P,0.365,0.655,0.311,0.291,0.00037,0.164,0.31,171.333
94,34uSLMvJ5NuRbssvyS8jct,7ncDwhSTgCZuL3OZNkvZ97,0.709,0.687,0.174,0.0334,1.7e-06,0.103,0.327,138.046
95,34uSLMvJ5NuRbssvyS8jct,4fFZW98VLhdZSlyC07wt6v,0.489,0.821,0.229,0.0669,0.0,0.15,0.684,122.663
96,34uSLMvJ5NuRbssvyS8jct,0aKjN6mBKSMmP3TpfezOxM,0.498,0.678,0.141,0.00431,0.000951,0.142,0.205,172.191
97,34uSLMvJ5NuRbssvyS8jct,47A2jHhdcuOozYPYhttXPs,0.556,0.908,0.245,0.304,0.0,0.129,0.715,158.172
98,34uSLMvJ5NuRbssvyS8jct,1ZvBVbsaNqHEP6ymXaPGlj,0.732,0.663,0.192,0.0819,0.0,0.115,0.227,139.964
99,34uSLMvJ5NuRbssvyS8jct,5R691ipUYRDYW6ehapjoj6,0.713,0.793,0.397,0.271,0.0,0.727,0.203,71.724
0,5Ckd0eIQ7jgdctMSFEyXkG,5is0hEWWStAbbHCjWyoxq2,0.637,0.67,0.048,0.254,5.43e-05,0.0829,0.227,122.999
1,5Ckd0eIQ7jgdctMSFEyXkG,3e7pB02vXiqVYaDTymYY1t,0.663,0.511,0.105,0.209,0.0,0.0525,0.116,81.946
2,5Ckd0eIQ7jgdctMSFEyXkG,2lpygKqzPFtItQ4ss3cgfb,0.545,0.534,0.047,0.235,0.0,0.345,0.24,140.021
3,5Ckd0eIQ7jgdctMSFEyXkG,6hPIfCuLNPiIeiI9bDkOdy,0.542,0.562,0.023,0.203,0.000111,0.123,0.593,90.087
4,5Ckd0eIQ7jgdctMSFEyXkG,1KSxfdYnwVnFwPIyA2pRax,0.634,0.46,0.175,0.366,0.0,0.239,0.0652,100.005
5,5Ckd0eIQ7jgdctMSFEyXkG,0gsGzAKieVowyRl1nFm8DK,0.77,0.273,0.0606,0.028,0.0,0.109,0.493,111.939
6,5Ckd0eIQ7jgdctMSFEyXkG,401JFBtYIJ2uiIafWHEfQt,0.58,0.689,0.394,0.103,0.00727,0.151,0.533,93.502
7,5Ckd0eIQ7jgdctMSFEyXkG,2GtaNlidzvK3hY78kCdsHa,0.673,0.403,0.0273,0.829,0.829,0.272,0.54,140.986
8,5Ckd0eIQ7jgdctMSFEyXkG,0UtnpKaReKUg2GquaSxCyD,0.716,0.531,0.122,0.0703,0.0,0.224,0.344,71.994
9,5Ckd0eIQ7jgdctMSFEyXkG,4S7YHmlWwfwArgd8LfSPud,0.598,0.252,0.0644,0.194,0.133,0.0992,0.0352,120.064
10,5Ckd0eIQ7jgdctMSFEyXkG,1ZNCHRfXYaNX3DTRPi6YKD,0.526,0.744,0.463,0.271,0.000354,0.138,0.123,111.432
11,5Ckd0eIQ7jgdctMSFEyXkG,1OSrqU4pk3BI8YuXURhafp,0.74,0.782,0.206,0.254,0.0,0.308,0.449,104.985
12,5Ckd0eIQ7jgdctMSFEyXkG,3I8MbKRkS2IBDuslhCS3iT,0.653,0.71,0.0555,0.33,0.0,0.143,0.41,122.04
13,5Ckd0eIQ7jgdctMSFEyXkG,1YiPIg5DT9EZX2ATruRoQw,0.709,0.646,0.367,0.436,0.0,0.12,0.136,95.08
14,5Ckd0eIQ7jgdctMSFEyXkG,3xKsf9qdS1CyvXSMEid6g8,0.544,0.552,0.0991,0.67,4.57e-05,0.415,0.554,159.738
15,5Ckd0eIQ7jgdctMSFEyXkG,393MDhe62s8hbH8ETrlxe5,0.671,0.726,0.0272,0.389,0.882,0.14,0.581,102.002
16,5Ckd0eIQ7jgdctMSFEyXkG,01wKeKPgYxdPYA8rfMveYc,0.682,0.717,0.246,0.385,0.0,0.152,0.507,90.147
17,5Ckd0eIQ7jgdctMSFEyXkG,66UI237YMw6AL6S72FGKND,0.73,0.512,0.0469,0.0261,0.0,0.333,0.513,96.002
18,5Ckd0eIQ7jgdctMSFEyXkG,41eiwHEX8iegmqmS2cf7oX,0.672,0.434,0.765,0.501,0.000125,0.272,0.54,129.209
19,5Ckd0eIQ7jgdctMSFEyXkG,3BVC9lRwjgKrWwDxgFAKA8,0.702,0.785,0.743,0.321,0.0,0.0682,0.647,132.857
20,5Ckd0eIQ7jgdctMSFEyXkG,1jkIErXa3YNUX5QIyO6GGR,0.759,0.245,0.138,0.515,0.000154,0.102,0.209,96.992
21,5Ckd0eIQ7jgdctMSFEyXkG,1F2HXIJrE2Xn81OzT2zZvW,0.726,0.769,0.123,0.0293,0.0101,0.104,0.733,97.985
22,5Ckd0eIQ7jgdctMSFEyXkG,3LnOF5n1GOs01siYZXzS3p,0.839,0.81,0.0568,0.501,0.0,0.117,0.814,129.014
23,5Ckd0eIQ7jgdctMSFEyXkG,09CqF6VVL6G7NwkCj3M2lU,0.779,0.581,0.457,0.206,0.0,0.146,0.804,63.588
24,5Ckd0eIQ7jgdctMSFEyXkG,4osgfFTICMkcGbbigdsa53,0.762,0.508,0.0919,0.0584,0.00126,0.16,0.37,93.51
25,5Ckd0eIQ7jgdctMSFEyXkG,2Wzs3ShXJb8hZyXDDtqxh8,0.699,0.53,0.182,0.0326,0.0,0.58,0.258,93.966
26,5Ckd0eIQ7jgdctMSFEyXkG,2hur4WADGPRLicccvxjVWI,0.637,0.662,0.348,0.113,0.0,0.42,0.667,94.136
27,5Ckd0eIQ7jgdctMSFEyXkG,5a6d5HVa3FKQQuYCGSbOeM,0.634,0.665,0.396,0.187,0.0,0.203,0.404,92.167
28,5Ckd0eIQ7jgdctMSFEyXkG,1BFFcF83SmsS6cKBLZGjkc,0.788,0.392,0.295,0.322,0.0,0.0791,0.481,107.086
29,5Ckd0eIQ7jgdctMSFEyXkG,152lZdxL1OR0ZMW6KquMif,0.736,0.449,0.425,0.33,0.000162,0.0898,0.326,80.126
30,5Ckd0eIQ7jgdctMSFEyXkG,248OFOZef6ShXv6DGgbnxU,0.739,0.448,0.138,0.189,0.0,0.118,0.553,81.044
31,5Ckd0eIQ7jgdctMSFEyXkG,2NbD13LkXFrku1OD0BpEbn,0.68,0.402,0.336,0.342,3.02e-06,0.0599,0.675,152.047
32,5Ckd0eIQ7jgdctMSFEyXkG,2wf9bp4MkChojtljddWpbO,0.672,0.574,0.0993,0.0303,2.02e-06,0.18,0.106,103.019
33,5Ckd0eIQ7jgdctMSFEyXkG,2p8AEWOAFxEafnjAgOvmwu,0.811,0.621,0.338,0.0616,0.0,0.111,0.189,119.948
34,5Ckd0eIQ7jgdctMSFEyXkG,3s9jPtOqkK1py1haxECjJv,0.704,0.679,0.188,0.106,0.0,0.117,0.156,93.166
35,5Ckd0eIQ7jgdctMSFEyXkG,6euh6chaRsi3Ywb1gA9LlO,0.611,0.528,0.138,0.906,0.0,0.185,0.225,84.449
36,5Ckd0eIQ7jgdctMSFEyXkG,0eiRA0zYMV1et8R0C52WM2,0.71,0.725,0.276,0.0338,0.0,0.285,0.189,85.97
37,5Ckd0eIQ7jgdctMSFEyXkG,3LDvLibID9j32PoWnT6v80,0.705,0.611,0.236,0.0309,0.0,0.0903,0.596,87.996
38,5Ckd0eIQ7jgdctMSFEyXkG,6CUBgX8bXC5YQCkdgRHqyg,0.745,0.595,0.0486,0.00483,1.13e-05,0.125,0.169,110.966
39,5Ckd0eIQ7jgdctMSFEyXkG,6y6jbcPG4Yn3Du4moXaenr,0.63,0.5,0.0611,0.611,4.04e-05,0.114,0.315,144.871
40,5Ckd0eIQ7jgdctMSFEyXkG,3eqEq53sUsaukd560hw7Dh,0.636,0.61,0.119,0.25,0.000121,0.113,0.296,125.227
41,5Ckd0eIQ7jgdctMSFEyXkG,35xXifQ0Y6yP4Fa1USNtod,0.736,0.636,0.0477,0.00257,2.14e-05,0.124,0.112,108.051
42,5Ckd0eIQ7jgdctMSFEyXkG,54twSJr4f3abwuxtjiYIUv,0.583,0.808,0.313,0.239,0.0,0.103,0.58,114.147
43,5Ckd0eIQ7jgdctMSFEyXkG,3GyvdyLEZ71aW0U1VgHHLF,0.576,0.641,0.43,0.496,1.08e-06,0.155,0.666,164.128
44,5Ckd0eIQ7jgdctMSFEyXkG,5w3jub5KDtlZE6Jd45gRYn,0.656,0.407,0.415,0.192,0.0,0.198,0.442,113.752
45,5Ckd0eIQ7jgdctMSFEyXkG,3Zau3JcrZcBfw8aVjKGkSX,0.619,0.532,0.515,0.715,1.33e-05,0.0953,0.401,120.019
46,5Ckd0eIQ7jgdctMSFEyXkG,4TEHRuLkEYD2Te0HkEibvP,0.575,0.466,0.174,0.398,0.000194,0.0598,0.496,111.852
47,5Ckd0eIQ7jgdctMSFEyXkG,5wrM3MbU9xNuSZGbmRm9B7,0.655,0.656,0.315,0.28,0.0,0.111,0.586,89.818
48,5Ckd0eIQ7jgdctMSFEyXkG,6zpXc7WJ3TqYWb02B6sKyF,0.366,0.639,0.101,0.269,0.0,0.29,0.168,83.339
49,5Ckd0eIQ7jgdctMSFEyXkG,5csdNgCD64XzhsyoRlhzsa,0.722,0.654,0.173,0.198,5.73e-06,0.0891,0.418,81.984
50,5Ckd0eIQ7jgdctMSFEyXkG,4rMhnUBc5KjVa8oaj2mynQ,0.623,0.606,0.287,0.26,0.0,0.156,0.243,121.986
51,5Ckd0eIQ7jgdctMSFEyXkG,1Y7dZA71sPTudGSumYGZs1,0.725,0.754,0.285,0.109,0.0,0.238,0.589,156.107
52,5Ckd0eIQ7jgdctMSFEyXkG,3OnOomd79OjqSYHchCQ6ht,0.793,0.344,0.357,0.112,1.68e-06,0.15,0.45,166.105
53,5Ckd0eIQ7jgdctMSFEyXkG,4rRiFaovckVckTLFNEXOen,0.586,0.831,0.164,0.312,0.000123,0.0725,0.371,80.001
54,5Ckd0eIQ7jgdctMSFEyXkG,6plT7nFGiXKSBP9HFSI4ef,0.51,0.503,0.242,0.0216,0.002,0.108,0.193,153.582
55,5Ckd0eIQ7jgdctMSFEyXkG,2PESSRrfGBuDrJ1I7rm8dc,0.552,0.731,0.615,0.0536,0.0,0.258,0.632,174.516
0,2u2b3pzu7bEad0MAQY9mx6,7LRO68GHf7mC608t7Uj94N,0.678,0.726,0.474,0.00696,0.0,0.266,0.762,176.179
1,2u2b3pzu7bEad0MAQY9mx6,4HK9Ive4wK7426QXxQZS6L,0.776,0.678,0.376,0.00476,0.0,0.363,0.81,181.872
2,2u2b3pzu7bEad0MAQY9mx6,0MI0c544DxpjDZgPUVOEUt,0.631,0.67,0.318,0.0231,1.93e-06,0.115,0.643,175.857
3,2u2b3pzu7bEad0MAQY9mx6,3kqraPW0VxP5RRIX2UKYAn,0.557,0.666,0.0675,0.0367,0.0,0.138,0.463,87.9
4,2u2b3pzu7bEad0MAQY9mx6,0bfhRCKatVObrZOwT6s9Xn,0.722,0.807,0.254,0.0205,0.0,0.534,0.746,99.944
5,2u2b3pzu7bEad0MAQY9mx6,14RRHdmfjGPhuWBhkl4Ne4,0.755,0.69,0.161,0.0133,0.0,0.078,0.336,175.928
6,2u2b3pzu7bEad0MAQY9mx6,0BU7nIcCZxYSE0hYcc5oZz,0.664,0.704,0.0974,0.0233,0.0,0.112,0.633,147.067
7,2u2b3pzu7bEad0MAQY9mx6,2GN8cwTiUEUBxc03fsA0C0,0.737,0.708,0.179,0.0828,0.00145,0.104,0.479,170.011
8,2u2b3pzu7bEad0MAQY9mx6,1OSrqU4pk3BI8YuXURhafp,0.74,0.782,0.206,0.254,0.0,0.308,0.449,104.985
9,2u2b3pzu7bEad0MAQY9mx6,7KOlJ92bu51cltsD9KU5I7,0.865,0.687,0.217,0.242,0.0,0.158,0.486,139.023
10,2u2b3pzu7bEad0MAQY9mx6,3gFfT5rzTzd2fcl21epZpX,0.579,0.7,0.245,0.0323,0.0,0.171,0.275,193.965
11,2u2b3pzu7bEad0MAQY9mx6,1MksGqIztTT6M9R1ErKVs8,0.482,0.781,0.411,0.629,2.87e-06,0.413,0.336,57.967
12,2u2b3pzu7bEad0MAQY9mx6,7ps1lFrjh3nEeInF9VBfH2,0.659,0.565,0.234,0.277,0.0,0.691,0.7,155.889
13,2u2b3pzu7bEad0MAQY9mx6,4uQ7wYsuL0DryknoDc11Hk,0.925,0.549,0.0656,0.396,0.000154,0.11,0.0904,100.014
14,2u2b3pzu7bEad0MAQY9mx6,13kD8QKxGoDmOYotIeRo2T,0.77,0.594,0.173,0.00424,0.0,0.2,0.463,169.024
15,2u2b3pzu7bEad0MAQY9mx6,5kU8CmW7jK8CYe5loxfgXR,0.694,0.496,0.089,0.592,0.0,0.0859,0.464,121.037
16,2u2b3pzu7bEad0MAQY9mx6,6KBOvrddbomdb9dkarvwCl,0.797,0.88,0.04,0.0813,0.0,0.272,0.779,144.925
17,2u2b3pzu7bEad0MAQY9mx6,7floNISpH8VF4z4459Qo18,0.763,0.726,0.282,0.259,0.0,0.0976,0.349,139.059
18,2u2b3pzu7bEad0MAQY9mx6,3rOSwuTsUlJp0Pu0MkN8r8,0.833,0.434,0.431,0.0102,0.0219,0.165,0.281,150.062
19,2u2b3pzu7bEad0MAQY9mx6,7BkVZRHhZpKfgRtRpbb76j,0.925,0.869,0.338,0.0281,0.0,0.214,0.731,109.96
20,2u2b3pzu7bEad0MAQY9mx6,2NyrXRn4tancYPW6JwtTl2,0.851,0.625,0.303,0.195,0.0,0.266,0.668,99.061
21,2u2b3pzu7bEad0MAQY9mx6,65ZTyInCulye3AE6V9XGRz,0.804,0.568,0.43,0.45,0.0,0.0698,0.358,99.929
22,2u2b3pzu7bEad0MAQY9mx6,3GnLo84IkdSWCPYt6tnLll,0.905,0.596,0.118,0.000339,2.05e-05,0.0897,0.422,149.996
23,2u2b3pzu7bEad0MAQY9mx6,2QsgWDMcUdJt2DgYoCJffI,0.835,0.629,0.35,0.729,0.0,0.108,0.548,94.985
24,2u2b3pzu7bEad0MAQY9mx6,4U03HSzyHNHZj55hSUWxEy,0.792,0.817,0.262,0.361,1.04e-06,0.372,0.454,90.028
25,2u2b3pzu7bEad0MAQY9mx6,2SF8vKjiuqvHkv3KS6NUof,0.854,0.531,0.324,0.258,0.0,0.291,0.443,100.049
26,2u2b3pzu7bEad0MAQY9mx6,4Mrf7VALftu8MUqUWCJ7KO,0.648,0.814,0.0923,0.202,0.0,0.199,0.867,97.958
27,2u2b3pzu7bEad0MAQY9mx6,6HZILIRieu8S0iqY8kIKhj,0.638,0.523,0.357,0.00454,0.0,0.0842,0.422,139.913
28,2u2b3pzu7bEad0MAQY9mx6,0gENjASIsFnZQI8ZLcFX8R,0.837,0.538,0.288,0.0637,0.0,0.0791,0.318,109.943
29,2u2b3pzu7bEad0MAQY9mx6,6drZfqIsfdnDRR08fHqaWE,0.636,0.809,0.267,0.0453,0.0,0.516,0.536,96.742
30,2u2b3pzu7bEad0MAQY9mx6,4sxwErVvCbGEYdf5Q6Kvuh,0.828,0.495,0.376,0.198,0.0,0.112,0.8,97.008
31,2u2b3pzu7bEad0MAQY9mx6,0nXYPHE1sAX4pZT36BQMZ6,0.743,0.518,0.0296,0.0642,0.0103,0.114,0.212,95.982
32,2u2b3pzu7bEad0MAQY9mx6,2DMiyU7mj67gNLTqDoOXUo,0.678,0.787,0.264,0.019,0.0,0.104,0.607,99.929
33,2u2b3pzu7bEad0MAQY9mx6,3WNx4pJLzQgYapuBWS4mUG,0.625,0.535,0.0577,0.108,0.0,0.747,0.129,129.931
34,2u2b3pzu7bEad0MAQY9mx6,5RCfvwDewu6p2x1mEI6smX,0.788,0.533,0.352,0.0168,0.0,0.204,0.468,80.04
35,2u2b3pzu7bEad0MAQY9mx6,4dVpf9jZjcORqGTLUaeYj9,0.797,0.844,0.275,0.0651,0.0,0.087,0.52,170.142
36,2u2b3pzu7bEad0MAQY9mx6,1HTtUBEY3tuw2btgwwI2Ja,0.89,0.633,0.168,0.0232,0.000343,0.0993,0.425,139.948
37,2u2b3pzu7bEad0MAQY9mx6,7GoaT66Gt1GEwe0G3xk2Vj,0.835,0.447,0.206,0.0357,0.0,0.0921,0.224,139.905
38,2u2b3pzu7bEad0MAQY9mx6,6rZFgf3CfLfjDrm10bbfrR,0.522,0.453,0.419,0.00957,0.0,0.228,0.388,108.004
39,2u2b3pzu7bEad0MAQY9mx6,3BG4lJPJhR3I7zZkxGhNRs,0.812,0.774,0.137,0.00789,1.68e-05,0.098,0.679,145.015
40,2u2b3pzu7bEad0MAQY9mx6,4pYZLpX23Vx8rwDpJCpPTA,0.888,0.664,0.341,0.0424,0.0,0.0734,0.53,140.012
41,2u2b3pzu7bEad0MAQY9mx6,5u6vkDnOyaf8LsteDAj2ub,0.782,0.435,0.156,0.333,1.31e-05,0.342,0.242,82.996
42,2u2b3pzu7bEad0MAQY9mx6,1YZfcVLbbJwfizR5cDOp3q,0.901,0.529,0.191,0.0519,0.0,0.179,0.146,138.003
43,2u2b3pzu7bEad0MAQY9mx6,1LgNXucKQHGybDwernsNo2,0.867,0.563,0.141,0.0124,0.0,0.0536,0.502,147.973
44,2u2b3pzu7bEad0MAQY9mx6,3wAI7MIQtTgwcRmwchPZBc,0.656,0.564,0.0883,0.0167,1.39e-06,0.165,0.25,150.014
45,2u2b3pzu7bEad0MAQY9mx6,4DTpngLjoHj5gFxEZFeD3J,0.736,0.604,0.222,0.0652,6.43e-05,0.124,0.574,155.007
46,2u2b3pzu7bEad0MAQY9mx6,5EHwQt5TKjiYvbexPx92tG,0.852,0.679,0.0417,0.0355,8.34e-05,0.443,0.264,130.078
47,2u2b3pzu7bEad0MAQY9mx6,3i1B1PnsfnOQPGVIzhf1lr,0.723,0.732,0.0864,0.11,0.0,0.484,0.503,104.991
48,2u2b3pzu7bEad0MAQY9mx6,6sLuPa0hdDfsrksiVNA5Ux,0.717,0.732,0.24,0.0318,0.0,0.369,0.299,96.077
49,2u2b3pzu7bEad0MAQY9mx6,2XW4DbS6NddZxRPm5rMCeY,0.758,0.448,0.103,0.0309,8.67e-05,0.558,0.373,77.176
50,2u2b3pzu7bEad0MAQY9mx6,756ZV0boQJ6Kbk3WFBuVjD,0.887,0.725,0.295,0.159,0.0,0.333,0.441,135.95
51,2u2b3pzu7bEad0MAQY9mx6,5HaY0UEQ1VkrkXM85UUlQV,0.794,0.514,0.313,0.504,2.14e-06,0.274,0.308,94.879
52,2u2b3pzu7bEad0MAQY9mx6,7d6XJZjnm7iWcKwYL9z5kC,0.699,0.558,0.0603,0.462,0.0,0.116,0.493,79.992
53,2u2b3pzu7bEad0MAQY9mx6,5vDvBD3ReINP8dXUplj477,0.792,0.743,0.0851,0.107,0.0,0.183,0.742,150.024
54,2u2b3pzu7bEad0MAQY9mx6,6aD0Es1eyfVqpYZKJm9WkC,0.783,0.598,0.292,0.328,0.0,0.118,0.452,97.011
0,3Yh5yGybMQfcATrOXaRVyu,6ooluO7DiEhI1zmK94nRCM,0.278,0.676,0.0371,0.000423,0.000899,0.136,0.494,104.545
1,3Yh5yGybMQfcATrOXaRVyu,6BCoH3suEOCALOqCqkR5nt,0.53,0.864,0.0557,0.0978,3.12e-06,0.153,0.85,153.314
2,3Yh5yGybMQfcATrOXaRVyu,1SXP53Ue7P7ZBiDeRUG9H4,0.701,0.618,0.0759,0.0053,0.00027,0.142,0.543,98.818
3,3Yh5yGybMQfcATrOXaRVyu,49h0RYK3yzWkfbVyNJjJ01,0.535,0.574,0.0372,0.35,9.96e-05,0.12,0.445,84.984
4,3Yh5yGybMQfcATrOXaRVyu,7e8utCy2JlSB8dRHKi49xM,0.646,0.813,0.0288,0.00178,2.26e-05,0.144,0.821,112.115
5,3Yh5yGybMQfcATrOXaRVyu,6vUQzZNArn4nHVGBjvsO79,0.644,0.607,0.0368,0.0347,0.0,0.169,0.327,112.167
6,3Yh5yGybMQfcATrOXaRVyu,1HHtSMol96RMWpopGzFi0V,0.537,0.945,0.0344,0.0023,0.0,0.332,0.778,103.158
7,3Yh5yGybMQfcATrOXaRVyu,1UmsxOBlPoMbWzIZ05aurH,0.509,0.895,0.0511,0.0165,0.000356,0.256,0.61,106.814
8,3Yh5yGybMQfcATrOXaRVyu,7oK9VyNzrYvRFo7nQEYkWN,0.356,0.924,0.0808,0.00101,0.0,0.0953,0.232,148.017
9,3Yh5yGybMQfcATrOXaRVyu,7HGTkn2aX7MNdKs7nV2xBt,0.509,0.987,0.0886,8.05e-05,0.000928,0.119,0.647,138.039
10,3Yh5yGybMQfcATrOXaRVyu,7KEajVD9AUG68onXRSFZTv,0.557,0.824,0.0776,0.0018,0.000542,0.0999,0.611,135.446
11,3Yh5yGybMQfcATrOXaRVyu,4QK4pMWEwlXxwg1zp08xpl,0.545,0.974,0.0469,0.000107,0.00118,0.306,0.506,114.064
12,3Yh5yGybMQfcATrOXaRVyu,4j4pPKE3xAblPIbhxScC1j,0.9,0.538,0.0343,0.229,0.843,0.287,0.713,95.508
13,3Yh5yGybMQfcATrOXaRVyu,3ctoHckjyd13eBi2IDw2Ip,0.75,0.462,0.0779,0.00576,0.545,0.307,0.309,123.865
14,3Yh5yGybMQfcATrOXaRVyu,09QZAEmdbq28OaNyqTOEvY,0.424,0.632,0.0922,0.021,0.0117,0.0545,0.356,97.694
15,3Yh5yGybMQfcATrOXaRVyu,46iI0binWzpkEJgIWTYUBR,0.505,0.833,0.0475,0.00772,7.9e-05,0.069,0.565,130.121
16,3Yh5yGybMQfcATrOXaRVyu,3dOAXUx7I1qnzWzxdnsyB8,0.356,0.872,0.068,0.00417,0.00975,0.0997,0.607,166.3
17,3Yh5yGybMQfcATrOXaRVyu,6ZWn1MVUaBH2HNQobhMYeE,0.299,0.706,0.0687,0.141,3.58e-05,0.0703,0.247,94.263
18,3Yh5yGybMQfcATrOXaRVyu,2MVwrvjmcdt4MsYYLCYMt8,0.504,0.705,0.0665,0.00121,4.12e-06,0.453,0.567,108.965
19,3Yh5yGybMQfcATrOXaRVyu,3ItzRpwvKtkDSNdRSjXu7Z,0.512,0.817,0.142,0.0505,0.0,0.0775,0.552,154.607
20,3Yh5yGybMQfcATrOXaRVyu,34KTEhpPjq6IAgQg2yzJAL,0.592,0.767,0.027,0.0021,0.00165,0.127,0.328,96.483
21,3Yh5yGybMQfcATrOXaRVyu,4BcS4LomxUnQpzx4hCaJTs,0.62,0.934,0.0411,0.0201,0.0,0.19,0.887,91.234
22,3Yh5yGybMQfcATrOXaRVyu,10Nmj3JCNoMeBQ87uw5j8k,0.556,0.913,0.0437,0.0193,8.59e-06,0.346,0.73,96.184
23,3Yh5yGybMQfcATrOXaRVyu,2UaJHs6wlASNl7q34j7hK1,0.717,0.782,0.0338,0.0108,2.39e-05,0.0904,0.4,117.38
24,3Yh5yGybMQfcATrOXaRVyu,3jp7Ryj1sX3riA7NQaVlLd,0.599,0.691,0.0301,0.0489,0.0,0.0835,0.729,131.578
25,3Yh5yGybMQfcATrOXaRVyu,6fgbQt13JlpN59PytgTMsA,0.427,0.9,0.0499,0.116,1.75e-05,0.119,0.599,104.655
26,3Yh5yGybMQfcATrOXaRVyu,23NPGXlSaIqWzvxIRhM2oG,0.554,0.49,0.0457,0.0168,0.000534,0.136,0.513,84.275
27,3Yh5yGybMQfcATrOXaRVyu,3CeYdUfGPCjKMDYyI1PpCh,0.458,0.795,0.0574,0.00316,0.000202,0.0756,0.513,123.229
28,3Yh5yGybMQfcATrOXaRVyu,2QOMGq8wVTZbLmh7McrvgF,0.437,0.717,0.039,0.0779,0.00274,0.108,0.547,178.085
29,3Yh5yGybMQfcATrOXaRVyu,4MzGM692jKGkNSQ7qzeTaJ,0.609,0.674,0.0355,0.00378,0.000302,0.129,0.743,127.541
30,3Yh5yGybMQfcATrOXaRVyu,2b31hlAp29QNuvy8IcG7bi,0.493,0.866,0.0687,0.000261,0.00762,0.364,0.663,137.939
31,3Yh5yGybMQfcATrOXaRVyu,4NwJWJ7rIZBnv8TwNRhGG2,0.697,0.877,0.0462,0.462,0.00943,0.083,0.802,101.99
32,3Yh5yGybMQfcATrOXaRVyu,2O6r4Ws85Gb5pw0KDYGAZv,0.427,0.868,0.0559,0.000249,0.000542,0.0633,0.39,133.059
33,3Yh5yGybMQfcATrOXaRVyu,7lN6IZmrJEDQUGKXPFQ09q,0.662,0.565,0.0467,0.0017,0.0155,0.307,0.555,142.971
34,3Yh5yGybMQfcATrOXaRVyu,3JVeAGZGBBelR1s0P9Vm9z,0.469,0.824,0.0447,0.000286,0.000968,0.0675,0.306,148.025
35,3Yh5yGybMQfcATrOXaRVyu,7hAd2B6eTB7io4jPjKXCMP,0.447,0.856,0.0587,0.000148,0.152,0.295,0.488,149.808
36,3Yh5yGybMQfcATrOXaRVyu,6bsYM7B72YM9IaLdPBAu7I,0.716,0.91,0.12,0.15,0.0,0.0796,0.686,129.962
37,3Yh5yGybMQfcATrOXaRVyu,3GncyQAqKMwlSVhyM31Lsu,0.546,0.84,0.0512,0.0148,7.69e-06,0.101,0.925,170.058
38,3Yh5yGybMQfcATrOXaRVyu,4Apb2973gEJGCWU8k7ITTj,0.316,0.77,0.0425,2.49e-05,0.000368,0.0866,0.41,155.113
39,3Yh5yGybMQfcATrOXaRVyu,4vYoE3lwKLJ2sRG6vYQBNr,0.444,0.698,0.0523,0.000276,0.044,0.399,0.268,127.981
40,3Yh5yGybMQfcATrOXaRVyu,134Q7X8fZoIjXAWClCipoC,0.224,0.693,0.0484,0.00101,0.0759,0.637,0.274,136.103
41,3Yh5yGybMQfcATrOXaRVyu,63EMriEemr9tzaQQB2eCMb,0.503,0.851,0.0527,0.000414,0.0179,0.151,0.388,141.966
42,3Yh5yGybMQfcATrOXaRVyu,3kb72STxc2959ZqsTwu52i,0.634,0.849,0.105,0.0438,0.0,0.363,0.919,156.004
43,3Yh5yGybMQfcATrOXaRVyu,7pMVB2oz4Q4SlfTvvevNro,0.678,0.556,0.0281,0.0904,0.0334,0.0866,0.405,85.158
44,3Yh5yGybMQfcATrOXaRVyu,12sYWro0wGQpq0rjE0lKcm,0.457,0.613,0.0295,0.00463,0.000441,0.0711,0.132,105.11
45,3Yh5yGybMQfcATrOXaRVyu,1K66si1ZELsRZzg7m7mcps,0.579,0.88,0.0633,0.00607,1.16e-06,0.268,0.632,128.047
46,3Yh5yGybMQfcATrOXaRVyu,3e0yTP5trHBBVvV32jwXqF,0.472,0.844,0.054,0.00173,0.0,0.24,0.34,140.034
47,3Yh5yGybMQfcATrOXaRVyu,0aGSUNleFqs5HNEJcwqvXJ,0.468,0.692,0.0295,0.0202,2.39e-06,0.523,0.561,78.009
48,3Yh5yGybMQfcATrOXaRVyu,6E1BsEYKV3ig4A29eZIW2w,0.317,0.571,0.0313,0.0413,0.84,0.0931,0.217,154.434
49,3Yh5yGybMQfcATrOXaRVyu,5OWZ4qbW7bYQTGIKRbSvxA,0.641,0.688,0.0318,0.00653,3.27e-06,0.178,0.495,97.973
50,3Yh5yGybMQfcATrOXaRVyu,3RRRDZig4RNJhVGfwwOOFZ,0.48,0.826,0.0397,0.000797,1.01e-06,0.125,0.687,96.0
51,3Yh5yGybMQfcATrOXaRVyu,76EeScTnI2sCjDY0SfEoSb,0.421,0.831,0.106,0.0283,0.0,0.464,0.488,134.184
52,3Yh5yGybMQfcATrOXaRVyu,1Yi8XPnCPoimWwqxwm3uz9,0.481,0.765,0.0388,0.00381,0.000737,0.119,0.465,102.829
53,3Yh5yGybMQfcATrOXaRVyu,1xa5lmjPwKj1LVXpxM7HHW,0.528,0.858,0.0493,0.00118,1.56e-06,0.282,0.219,100.032
54,3Yh5yGybMQfcATrOXaRVyu,2tznHmp70DxMyr2XhWLOW0,0.636,0.676,0.0263,0.0807,0.0,0.0831,0.273,113.98
